{
    "version": "0.4",
    "title": "FAQ",
    "type": "page",
    "metadata": {
        "template_type": "single-page",
        "include_in_zip": "1",
        "elementor_pro_required": null,
        "wp_page_template": "elementor_header_footer"
    },
    "content": [
        {
            "id": "25a0680",
            "settings": {
                "content_width": {
                    "unit": "px",
                    "size": 1290,
                    "sizes": []
                },
                "background_background": "classic",
                "background_video_start": 14,
                "background_video_end": 60,
                "background_overlay_background": "classic",
                "background_overlay_opacity": {
                    "unit": "px",
                    "size": 0.2,
                    "sizes": []
                },
                "padding": {
                    "unit": "px",
                    "top": "200",
                    "right": "0",
                    "bottom": "100",
                    "left": "0",
                    "isLinked": false
                },
                "background_overlay_color_b": "#0000000D",
                "background_video_fallback": {
                    "url": "",
                    "id": "",
                    "size": "",
                    "alt": "",
                    "source": "library"
                },
                "background_image": {
                    "id": "",
                    "url": ""
                },
                "background_position": "bottom center",
                "background_repeat": "no-repeat",
                "background_size": "cover",
                "padding_tablet": {
                    "unit": "px",
                    "top": "220",
                    "right": "10",
                    "bottom": "0",
                    "left": "10",
                    "isLinked": false
                },
                "padding_mobile": {
                    "unit": "px",
                    "top": "180",
                    "right": "10",
                    "bottom": "60",
                    "left": "10",
                    "isLinked": false
                },
                "background_position_mobile": "center center",
                "background_overlay_image": {
                    "url": "https:\/\/kit.baliniz.com\/dexxter\/wp-content\/uploads\/sites\/56\/2023\/04\/noise.png",
                    "id": 343,
                    "size": "",
                    "alt": "",
                    "source": "library"
                },
                "background_overlay_position": "center center",
                "background_overlay_repeat": "repeat",
                "background_overlay_size": "initial",
                "background_overlay_bg_width": {
                    "unit": "%",
                    "size": 20,
                    "sizes": []
                },
                "__globals__": {
                    "background_color": "globals\/colors?id=78ab344"
                },
                "structure": "20"
            },
            "elements": [
                {
                    "id": "57b0865d",
                    "settings": {
                        "_column_size": 50,
                        "_inline_size": 55,
                        "_inline_size_tablet": 100,
                        "margin_tablet": {
                            "unit": "px",
                            "top": "0",
                            "right": "0",
                            "bottom": "0",
                            "left": "0",
                            "isLinked": false
                        }
                    },
                    "elements": [
                        {
                            "id": "5ea8bbc",
                            "settings": {
                                "sg_text_style": "none",
                                "sg_text_before": "",
                                "sg_text_animated": "Discover the answers you're looking for",
                                "sg_text_rotating_list": [
                                    {
                                        "sg_text_rotating_list_text": "rotating",
                                        "_id": "3520e14"
                                    }
                                ],
                                "sg_text_after": "",
                                "sg_text_html_tag": "h1",
                                "sg_text_alignment_responsive": "left",
                                "sg_text_normal_color_style": "gradient",
                                "st_text_animated_normal_gradient_background_background": "gradient",
                                "st_text_animated_normal_gradient_background_color": "#FFFFFF",
                                "st_text_animated_normal_gradient_background_color_stop": {
                                    "unit": "%",
                                    "size": 40,
                                    "sizes": []
                                },
                                "st_text_animated_normal_gradient_background_gradient_angle": {
                                    "unit": "deg",
                                    "size": 145,
                                    "sizes": []
                                },
                                "__globals__": {
                                    "st_text_animated_typography_content_typography_typography": "globals\/typography?id=7228de5",
                                    "st_text_normal_typography_content_typography_typography": "globals\/typography?id=7228de5",
                                    "st_text_animated_normal_gradient_background_color_b": "globals\/colors?id=ea75025"
                                },
                                "_background_background": "classic",
                                "st_text_normal_normal_gradient_background_color": "#FFFFFF",
                                "st_text_animated_normal_textshadow_text_shadow_text_shadow": {
                                    "horizontal": 0,
                                    "vertical": 0,
                                    "blur": 10,
                                    "color": ""
                                },
                                "st_text_animated_normal_gradient_background_color_b": "#7274812B",
                                "_margin": {
                                    "unit": "px",
                                    "top": "0",
                                    "right": "0",
                                    "bottom": "0",
                                    "left": "0",
                                    "isLinked": false
                                },
                                "sg_text_alignment_responsive_tablet": "center"
                            },
                            "elements": [],
                            "isInner": false,
                            "widgetType": "jkit_animated_text",
                            "elType": "widget"
                        },
                        {
                            "id": "51e4b776",
                            "settings": {
                                "image": {
                                    "url": "https:\/\/kit.baliniz.com\/dexxter\/wp-content\/uploads\/sites\/56\/2023\/04\/elips.png",
                                    "id": 339,
                                    "size": "",
                                    "alt": "",
                                    "source": "library"
                                },
                                "_element_width": "initial",
                                "_element_custom_width": {
                                    "unit": "px",
                                    "size": 280,
                                    "sizes": []
                                },
                                "_position": "absolute",
                                "_offset_x": {
                                    "unit": "px",
                                    "size": 385,
                                    "sizes": []
                                },
                                "_offset_y": {
                                    "unit": "px",
                                    "size": 19,
                                    "sizes": []
                                },
                                "_element_custom_width_mobile": {
                                    "unit": "px",
                                    "size": 170,
                                    "sizes": []
                                },
                                "_offset_x_tablet": {
                                    "unit": "px",
                                    "size": 420,
                                    "sizes": []
                                },
                                "_offset_x_mobile": {
                                    "unit": "px",
                                    "size": 15,
                                    "sizes": []
                                },
                                "_offset_y_mobile": {
                                    "unit": "px",
                                    "size": 60,
                                    "sizes": []
                                }
                            },
                            "elements": [],
                            "isInner": false,
                            "widgetType": "image",
                            "elType": "widget"
                        }
                    ],
                    "isInner": false,
                    "elType": "column"
                },
                {
                    "id": "c29ea6b",
                    "settings": {
                        "_column_size": 50,
                        "_inline_size": 45,
                        "_inline_size_tablet": 100,
                        "margin_tablet": {
                            "unit": "px",
                            "top": "0",
                            "right": "0",
                            "bottom": "100",
                            "left": "0",
                            "isLinked": false
                        },
                        "content_position": "center",
                        "padding": {
                            "unit": "px",
                            "top": "10",
                            "right": "10",
                            "bottom": "10",
                            "left": "80",
                            "isLinked": false
                        },
                        "align_tablet": "center",
                        "margin_mobile": {
                            "unit": "px",
                            "top": "0",
                            "right": "0",
                            "bottom": "0",
                            "left": "0",
                            "isLinked": false
                        },
                        "padding_tablet": {
                            "unit": "px",
                            "top": "10",
                            "right": "10",
                            "bottom": "10",
                            "left": "10",
                            "isLinked": true
                        }
                    },
                    "elements": [
                        {
                            "id": "2fdcd8e5",
                            "settings": {
                                "editor": "Duis aute irure dolor in reprehenderit in voluptate velit esse cillum dolore eu fugiat nulla pariatur. Excepteur sint occaecat cupidatat non proident, sunt in culpa qui officia deserunt mollit anim id est laborum dolore magna.",
                                "align": "left",
                                "_padding": {
                                    "unit": "%",
                                    "top": "0",
                                    "right": "0",
                                    "bottom": "0",
                                    "left": "0",
                                    "isLinked": false
                                },
                                "_padding_tablet": {
                                    "unit": "%",
                                    "top": "0",
                                    "right": "5",
                                    "bottom": "0",
                                    "left": "5",
                                    "isLinked": false
                                },
                                "_padding_mobile": {
                                    "unit": "px",
                                    "top": "0",
                                    "right": "0",
                                    "bottom": "0",
                                    "left": "0",
                                    "isLinked": false
                                },
                                "__globals__": {
                                    "typography_typography": "globals\/typography?id=9fc5cd3",
                                    "text_color": "globals\/colors?id=text"
                                },
                                "_element_width": "initial",
                                "_element_custom_width": {
                                    "unit": "px",
                                    "size": 550,
                                    "sizes": []
                                },
                                "align_tablet": "center"
                            },
                            "elements": [],
                            "isInner": false,
                            "widgetType": "text-editor",
                            "elType": "widget"
                        }
                    ],
                    "isInner": false,
                    "elType": "column"
                }
            ],
            "isInner": false,
            "elType": "section"
        },
        {
            "id": "4a257142",
            "settings": {
                "padding": {
                    "unit": "px",
                    "top": "140",
                    "right": "0",
                    "bottom": "140",
                    "left": "0",
                    "isLinked": false
                },
                "padding_tablet": {
                    "unit": "px",
                    "top": "80",
                    "right": "10",
                    "bottom": "80",
                    "left": "10",
                    "isLinked": false
                },
                "padding_mobile": {
                    "unit": "px",
                    "top": "50",
                    "right": "10",
                    "bottom": "20",
                    "left": "10",
                    "isLinked": false
                },
                "__globals__": {
                    "background_color": "",
                    "shape_divider_bottom_color": ""
                },
                "background_color": "#020228",
                "shape_divider_bottom_color": "#02022D",
                "shape_divider_bottom_flip": "yes",
                "shape_divider_bottom_height_tablet": {
                    "unit": "px",
                    "size": 70,
                    "sizes": []
                },
                "content_width": {
                    "unit": "px",
                    "size": 1290,
                    "sizes": []
                },
                "structure": "21"
            },
            "elements": [
                {
                    "id": "7caeaee5",
                    "settings": {
                        "_column_size": 66,
                        "_inline_size": 59.666,
                        "margin": {
                            "unit": "px",
                            "top": "0",
                            "right": "60",
                            "bottom": "0",
                            "left": "0",
                            "isLinked": false
                        },
                        "_inline_size_tablet": 100,
                        "margin_tablet": {
                            "unit": "px",
                            "top": "0",
                            "right": "0",
                            "bottom": "0",
                            "left": "0",
                            "isLinked": false
                        }
                    },
                    "elements": [
                        {
                            "id": "7eb1d9e3",
                            "settings": {
                                "title": "General Questions",
                                "header_size": "h3",
                                "_margin": {
                                    "unit": "px",
                                    "top": "0",
                                    "right": "0",
                                    "bottom": "40",
                                    "left": "0",
                                    "isLinked": false
                                },
                                "__globals__": {
                                    "title_color": "globals\/colors?id=primary",
                                    "typography_typography": "globals\/typography?id=9f9cc51"
                                },
                                "_margin_mobile": {
                                    "unit": "px",
                                    "top": "0",
                                    "right": "0",
                                    "bottom": "20",
                                    "left": "0",
                                    "isLinked": false
                                }
                            },
                            "elements": [],
                            "isInner": false,
                            "widgetType": "heading",
                            "elType": "widget"
                        },
                        {
                            "id": "78af7ff5",
                            "settings": {
                                "sg_accordion_list": [
                                    {
                                        "sg_accordion_list_title": "What types of photography services do you offer?",
                                        "sg_accordion_list_content": "<p>Nibh velit enim eget et duis tortor purus tortor, vitae. Semper pellentesque justo varius purus. Malesuada sit arcu, sed in eros, etiam commodo, lorem. Facilisi at lorem etiam orci fermentum, at hendrerit. Duis ultrices vestibulum, pharetra urna egestas<\/p>",
                                        "_id": "d3d7d02"
                                    },
                                    {
                                        "sg_accordion_list_title": "What is your policy on cancellations or rescheduling?",
                                        "sg_accordion_list_content": "Lorem ipsum dolor sit amet, consectetuer adipiscing elit. Aenean commodo ligula eget dolor. Aenean massa. Cum sociis natoque penatibus et magnis dis parturient montes, nascetur ridiculus mus. Donec quam felis, ultricies nec, pellentesque eu, pretium quis, sem. Nulla consequat massa quis enim. Donec pede justo, fringilla vel, aliquet nec, vulputate eget, arcu.",
                                        "_id": "530b0b8"
                                    },
                                    {
                                        "sg_accordion_list_title": "What are your rates for additional retouching services?",
                                        "sg_accordion_list_content": "Lorem ipsum dolor sit amet, consectetuer adipiscing elit. Aenean commodo ligula eget dolor. Aenean massa. Cum sociis natoque penatibus et magnis dis parturient montes, nascetur ridiculus mus. Donec quam felis, ultricies nec, pellentesque eu, pretium quis, sem. Nulla consequat massa quis enim. Donec pede justo, fringilla vel, aliquet nec, vulputate eget, arcu.",
                                        "_id": "8ea6dc1"
                                    },
                                    {
                                        "sg_accordion_list_title": "Can I choose the format of my final photographs?",
                                        "sg_accordion_list_content": "Lorem ipsum dolor sit amet, consectetuer adipiscing elit. Aenean commodo ligula eget dolor. Aenean massa. Cum sociis natoque penatibus et magnis dis parturient montes, nascetur ridiculus mus. Donec quam felis, ultricies nec, pellentesque eu, pretium quis, sem. Nulla consequat massa quis enim. Donec pede justo, fringilla vel, aliquet nec, vulputate eget, arcu.",
                                        "_id": "7afac7d"
                                    },
                                    {
                                        "sg_accordion_list_title": "How do I get started with booking my photography session?",
                                        "sg_accordion_list_content": "Lorem ipsum dolor sit amet, consectetuer adipiscing elit. Aenean commodo ligula eget dolor. Aenean massa. Cum sociis natoque penatibus et magnis dis parturient montes, nascetur ridiculus mus. Donec quam felis, ultricies nec, pellentesque eu, pretium quis, sem. Nulla consequat massa quis enim. Donec pede justo, fringilla vel, aliquet nec, vulputate eget, arcu.",
                                        "_id": "cd5d422"
                                    }
                                ],
                                "sg_icon_right": {
                                    "value": "jki jki-chevron-down-light",
                                    "library": "jkiticon"
                                },
                                "sg_icon_right_active": {
                                    "value": "jki jki-chevron-up-light",
                                    "library": "jkiticon"
                                },
                                "st_wrapper_margin_responsive": {
                                    "unit": "px",
                                    "top": "0",
                                    "right": "0",
                                    "bottom": "20",
                                    "left": "0",
                                    "isLinked": ""
                                },
                                "st_wrapper_open_border_border_width": {
                                    "unit": "px",
                                    "top": "1",
                                    "right": "1",
                                    "bottom": "1",
                                    "left": "1",
                                    "isLinked": true
                                },
                                "st_wrapper_close_background_background_color": "#1A1F28",
                                "st_wrapper_close_border_border_width": {
                                    "unit": "px",
                                    "top": "1",
                                    "right": "1",
                                    "bottom": "1",
                                    "left": "1",
                                    "isLinked": true
                                },
                                "st_wrapper_close_border_radius_responsive": {
                                    "unit": "px",
                                    "top": "0",
                                    "right": "0",
                                    "bottom": "0",
                                    "left": "0",
                                    "isLinked": "1"
                                },
                                "st_title_open_color_responsive": "#FFFFFF",
                                "st_title_open_background_background_background": "classic",
                                "st_title_open_background_background_color": "#02010100",
                                "st_title_close_color_responsive": "#FFFFFF",
                                "st_title_close_background_background_background": "classic",
                                "st_title_close_background_background_color": "#1A1F2800",
                                "st_title_close_border_border_border": "none",
                                "st_title_close_border_border_width": {
                                    "unit": "px",
                                    "top": "1",
                                    "right": "1",
                                    "bottom": "1",
                                    "left": "1",
                                    "isLinked": true
                                },
                                "st_title_padding_responsive": {
                                    "unit": "px",
                                    "top": "28",
                                    "right": "28",
                                    "bottom": "28",
                                    "left": "28",
                                    "isLinked": "1"
                                },
                                "_element_custom_width": {
                                    "unit": "px",
                                    "size": "800",
                                    "sizes": []
                                },
                                "__globals__": {
                                    "st_wrapper_open_background_background_color": "globals\/colors?id=78ab344",
                                    "st_wrapper_close_background_background_color": "",
                                    "st_title_typography_content_typography_typography": "globals\/typography?id=cdeb433",
                                    "st_title_open_color_responsive": "globals\/colors?id=primary",
                                    "st_title_close_color_responsive": "globals\/colors?id=primary",
                                    "st_title_close_background_background_color": "",
                                    "st_description_typography_content_typography_typography": "globals\/typography?id=text",
                                    "st_description_color_responsive": "globals\/colors?id=text",
                                    "_background_color": "globals\/colors?id=586693e",
                                    "st_title_close_border_border_color": "",
                                    "st_title_open_border_border_color": "",
                                    "st_wrapper_close_border_border_color": "globals\/colors?id=b441830",
                                    "st_icon_close_color_responsive": "globals\/colors?id=accent",
                                    "st_icon_open_color_responsive": "globals\/colors?id=text",
                                    "st_wrapper_open_border_border_color": "globals\/colors?id=accent"
                                },
                                "st_title_open_border_border_border": "none",
                                "st_title_open_border_border_width": {
                                    "unit": "px",
                                    "top": "1",
                                    "right": "1",
                                    "bottom": "1",
                                    "left": "1",
                                    "isLinked": true
                                },
                                "st_title_open_border_radius_responsive": {
                                    "unit": "px",
                                    "top": "0",
                                    "right": "0",
                                    "bottom": "0",
                                    "left": "0",
                                    "isLinked": ""
                                },
                                "st_title_close_border_radius_responsive": {
                                    "unit": "px",
                                    "top": "0",
                                    "right": "0",
                                    "bottom": "0",
                                    "left": "0",
                                    "isLinked": ""
                                },
                                "st_description_padding_responsive": {
                                    "unit": "px",
                                    "top": "0",
                                    "right": "28",
                                    "bottom": "20",
                                    "left": "28",
                                    "isLinked": ""
                                },
                                "_border_radius": {
                                    "unit": "px",
                                    "top": "8",
                                    "right": "8",
                                    "bottom": "8",
                                    "left": "8",
                                    "isLinked": "1"
                                },
                                "sg_accordion_open": "yes",
                                "st_wrapper_open_border_border_border": "solid",
                                "st_wrapper_open_border_radius_responsive": {
                                    "unit": "px",
                                    "top": "0",
                                    "right": "0",
                                    "bottom": "0",
                                    "left": "0",
                                    "isLinked": true
                                },
                                "st_wrapper_open_boxshadow_box_shadow_box_shadow": {
                                    "horizontal": 0,
                                    "vertical": 5,
                                    "blur": 25,
                                    "spread": 0,
                                    "color": "rgba(107, 137.00000000000006, 180, 0.15)"
                                },
                                "st_wrapper_close_border_border_border": "solid",
                                "st_title_margin_bottom_responsive": {
                                    "unit": "px",
                                    "size": 0,
                                    "sizes": []
                                },
                                "st_description_padding_responsive_tablet": {
                                    "unit": "px",
                                    "top": "0",
                                    "right": "50",
                                    "bottom": "28",
                                    "left": "28",
                                    "isLinked": false
                                },
                                "st_description_padding_responsive_mobile": {
                                    "unit": "px",
                                    "top": "0",
                                    "right": "28",
                                    "bottom": "28",
                                    "left": "28",
                                    "isLinked": false
                                },
                                "st_wrapper_open_background_background_background": "classic"
                            },
                            "elements": [],
                            "isInner": false,
                            "widgetType": "jkit_accordion",
                            "elType": "widget"
                        },
                        {
                            "id": "4856dc91",
                            "settings": {
                                "title": "Service Questions",
                                "header_size": "h3",
                                "_margin": {
                                    "unit": "px",
                                    "top": "40",
                                    "right": "0",
                                    "bottom": "20",
                                    "left": "0",
                                    "isLinked": false
                                },
                                "__globals__": {
                                    "title_color": "globals\/colors?id=primary",
                                    "typography_typography": "globals\/typography?id=9f9cc51"
                                },
                                "_margin_mobile": {
                                    "unit": "px",
                                    "top": "20",
                                    "right": "0",
                                    "bottom": "20",
                                    "left": "0",
                                    "isLinked": false
                                }
                            },
                            "elements": [],
                            "isInner": false,
                            "widgetType": "heading",
                            "elType": "widget"
                        },
                        {
                            "id": "1bb31675",
                            "settings": {
                                "sg_accordion_list": [
                                    {
                                        "sg_accordion_list_title": "What types of photography services do you offer?",
                                        "sg_accordion_list_content": "<p>Nibh velit enim eget et duis tortor purus tortor, vitae. Semper pellentesque justo varius purus. Malesuada sit arcu, sed in eros, etiam commodo, lorem. Facilisi at lorem etiam orci fermentum, at hendrerit. Duis ultrices vestibulum, pharetra urna egestas<\/p>",
                                        "_id": "d3d7d02"
                                    },
                                    {
                                        "sg_accordion_list_title": "What is your policy on cancellations or rescheduling?",
                                        "sg_accordion_list_content": "Lorem ipsum dolor sit amet, consectetuer adipiscing elit. Aenean commodo ligula eget dolor. Aenean massa. Cum sociis natoque penatibus et magnis dis parturient montes, nascetur ridiculus mus. Donec quam felis, ultricies nec, pellentesque eu, pretium quis, sem. Nulla consequat massa quis enim. Donec pede justo, fringilla vel, aliquet nec, vulputate eget, arcu.",
                                        "_id": "530b0b8"
                                    },
                                    {
                                        "sg_accordion_list_title": "What are your rates for additional retouching services?",
                                        "sg_accordion_list_content": "Lorem ipsum dolor sit amet, consectetuer adipiscing elit. Aenean commodo ligula eget dolor. Aenean massa. Cum sociis natoque penatibus et magnis dis parturient montes, nascetur ridiculus mus. Donec quam felis, ultricies nec, pellentesque eu, pretium quis, sem. Nulla consequat massa quis enim. Donec pede justo, fringilla vel, aliquet nec, vulputate eget, arcu.",
                                        "_id": "8ea6dc1"
                                    },
                                    {
                                        "sg_accordion_list_title": "Can I choose the format of my final photographs?",
                                        "sg_accordion_list_content": "Lorem ipsum dolor sit amet, consectetuer adipiscing elit. Aenean commodo ligula eget dolor. Aenean massa. Cum sociis natoque penatibus et magnis dis parturient montes, nascetur ridiculus mus. Donec quam felis, ultricies nec, pellentesque eu, pretium quis, sem. Nulla consequat massa quis enim. Donec pede justo, fringilla vel, aliquet nec, vulputate eget, arcu.",
                                        "_id": "7afac7d"
                                    },
                                    {
                                        "sg_accordion_list_title": "How do I get started with booking my photography session?",
                                        "sg_accordion_list_content": "Lorem ipsum dolor sit amet, consectetuer adipiscing elit. Aenean commodo ligula eget dolor. Aenean massa. Cum sociis natoque penatibus et magnis dis parturient montes, nascetur ridiculus mus. Donec quam felis, ultricies nec, pellentesque eu, pretium quis, sem. Nulla consequat massa quis enim. Donec pede justo, fringilla vel, aliquet nec, vulputate eget, arcu.",
                                        "_id": "cd5d422"
                                    }
                                ],
                                "sg_icon_right": {
                                    "value": "jki jki-chevron-down-light",
                                    "library": "jkiticon"
                                },
                                "sg_icon_right_active": {
                                    "value": "jki jki-chevron-up-light",
                                    "library": "jkiticon"
                                },
                                "st_wrapper_margin_responsive": {
                                    "unit": "px",
                                    "top": "0",
                                    "right": "0",
                                    "bottom": "20",
                                    "left": "0",
                                    "isLinked": ""
                                },
                                "st_wrapper_open_border_border_width": {
                                    "unit": "px",
                                    "top": "1",
                                    "right": "1",
                                    "bottom": "1",
                                    "left": "1",
                                    "isLinked": true
                                },
                                "st_wrapper_close_background_background_color": "#1A1F28",
                                "st_wrapper_close_border_border_width": {
                                    "unit": "px",
                                    "top": "1",
                                    "right": "1",
                                    "bottom": "1",
                                    "left": "1",
                                    "isLinked": true
                                },
                                "st_wrapper_close_border_radius_responsive": {
                                    "unit": "px",
                                    "top": "0",
                                    "right": "0",
                                    "bottom": "0",
                                    "left": "0",
                                    "isLinked": "1"
                                },
                                "st_title_open_color_responsive": "#FFFFFF",
                                "st_title_open_background_background_background": "classic",
                                "st_title_open_background_background_color": "#02010100",
                                "st_title_close_color_responsive": "#FFFFFF",
                                "st_title_close_background_background_background": "classic",
                                "st_title_close_background_background_color": "#1A1F2800",
                                "st_title_close_border_border_border": "none",
                                "st_title_close_border_border_width": {
                                    "unit": "px",
                                    "top": "1",
                                    "right": "1",
                                    "bottom": "1",
                                    "left": "1",
                                    "isLinked": true
                                },
                                "st_title_padding_responsive": {
                                    "unit": "px",
                                    "top": "28",
                                    "right": "28",
                                    "bottom": "28",
                                    "left": "28",
                                    "isLinked": "1"
                                },
                                "_element_custom_width": {
                                    "unit": "px",
                                    "size": "800",
                                    "sizes": []
                                },
                                "__globals__": {
                                    "st_wrapper_open_background_background_color": "globals\/colors?id=78ab344",
                                    "st_wrapper_close_background_background_color": "",
                                    "st_title_typography_content_typography_typography": "globals\/typography?id=cdeb433",
                                    "st_title_open_color_responsive": "globals\/colors?id=primary",
                                    "st_title_close_color_responsive": "globals\/colors?id=primary",
                                    "st_title_close_background_background_color": "",
                                    "st_description_typography_content_typography_typography": "globals\/typography?id=text",
                                    "st_description_color_responsive": "globals\/colors?id=text",
                                    "_background_color": "globals\/colors?id=586693e",
                                    "st_title_close_border_border_color": "",
                                    "st_title_open_border_border_color": "",
                                    "st_wrapper_close_border_border_color": "globals\/colors?id=b441830",
                                    "st_icon_close_color_responsive": "globals\/colors?id=accent",
                                    "st_icon_open_color_responsive": "globals\/colors?id=text",
                                    "st_wrapper_open_border_border_color": "globals\/colors?id=accent"
                                },
                                "st_title_open_border_border_border": "none",
                                "st_title_open_border_border_width": {
                                    "unit": "px",
                                    "top": "1",
                                    "right": "1",
                                    "bottom": "1",
                                    "left": "1",
                                    "isLinked": true
                                },
                                "st_title_open_border_radius_responsive": {
                                    "unit": "px",
                                    "top": "0",
                                    "right": "0",
                                    "bottom": "0",
                                    "left": "0",
                                    "isLinked": ""
                                },
                                "st_title_close_border_radius_responsive": {
                                    "unit": "px",
                                    "top": "0",
                                    "right": "0",
                                    "bottom": "0",
                                    "left": "0",
                                    "isLinked": ""
                                },
                                "st_description_padding_responsive": {
                                    "unit": "px",
                                    "top": "0",
                                    "right": "28",
                                    "bottom": "20",
                                    "left": "28",
                                    "isLinked": ""
                                },
                                "_border_radius": {
                                    "unit": "px",
                                    "top": "8",
                                    "right": "8",
                                    "bottom": "8",
                                    "left": "8",
                                    "isLinked": "1"
                                },
                                "sg_accordion_open": "",
                                "st_wrapper_open_border_border_border": "solid",
                                "st_wrapper_open_border_radius_responsive": {
                                    "unit": "px",
                                    "top": "0",
                                    "right": "0",
                                    "bottom": "0",
                                    "left": "0",
                                    "isLinked": true
                                },
                                "st_wrapper_open_boxshadow_box_shadow_box_shadow": {
                                    "horizontal": 0,
                                    "vertical": 5,
                                    "blur": 25,
                                    "spread": 0,
                                    "color": "rgba(107, 137.00000000000006, 180, 0.15)"
                                },
                                "st_wrapper_close_border_border_border": "solid",
                                "st_title_margin_bottom_responsive": {
                                    "unit": "px",
                                    "size": 0,
                                    "sizes": []
                                },
                                "st_description_padding_responsive_tablet": {
                                    "unit": "px",
                                    "top": "0",
                                    "right": "50",
                                    "bottom": "28",
                                    "left": "28",
                                    "isLinked": false
                                },
                                "st_description_padding_responsive_mobile": {
                                    "unit": "px",
                                    "top": "0",
                                    "right": "28",
                                    "bottom": "28",
                                    "left": "28",
                                    "isLinked": false
                                },
                                "st_wrapper_open_background_background_background": "classic"
                            },
                            "elements": [],
                            "isInner": false,
                            "widgetType": "jkit_accordion",
                            "elType": "widget"
                        }
                    ],
                    "isInner": false,
                    "elType": "column"
                },
                {
                    "id": "15fb4b2",
                    "settings": {
                        "_column_size": 33,
                        "_inline_size": 40,
                        "_inline_size_tablet": 100,
                        "margin_tablet": {
                            "unit": "px",
                            "top": "40",
                            "right": "0",
                            "bottom": "30",
                            "left": "0",
                            "isLinked": false
                        },
                        "jkit_sticky_section": "enabled",
                        "content_position_tablet": "top",
                        "jkit_sticky_device": [
                            "desktop"
                        ],
                        "padding": {
                            "unit": "px",
                            "top": "10",
                            "right": "10",
                            "bottom": "10",
                            "left": "60",
                            "isLinked": false
                        },
                        "padding_tablet": {
                            "unit": "px",
                            "top": "10",
                            "right": "10",
                            "bottom": "10",
                            "left": "10",
                            "isLinked": true
                        }
                    },
                    "elements": [
                        {
                            "id": "3d592899",
                            "settings": {
                                "sg_text_style": "none",
                                "sg_text_before": "",
                                "sg_text_animated": "Do you have any question?",
                                "sg_text_rotating_list": [
                                    {
                                        "sg_text_rotating_list_text": "rotating",
                                        "_id": "3520e14"
                                    }
                                ],
                                "sg_text_after": "",
                                "sg_text_html_tag": "h2",
                                "sg_text_normal_color_style": "gradient",
                                "st_text_animated_normal_gradient_background_background": "gradient",
                                "st_text_animated_normal_gradient_background_color": "#FFFFFF",
                                "st_text_animated_normal_gradient_background_color_stop": {
                                    "unit": "%",
                                    "size": 40,
                                    "sizes": []
                                },
                                "st_text_animated_normal_gradient_background_color_b": "#7274812B",
                                "st_text_animated_normal_gradient_background_gradient_angle": {
                                    "unit": "deg",
                                    "size": 145,
                                    "sizes": []
                                },
                                "__globals__": {
                                    "st_text_animated_typography_content_typography_typography": "globals\/typography?id=secondary",
                                    "st_text_normal_typography_content_typography_typography": "globals\/typography?id=secondary"
                                },
                                "_background_background": "classic",
                                "st_text_normal_typography_content_typography_line_height": {
                                    "unit": "em",
                                    "size": "",
                                    "sizes": []
                                },
                                "st_text_normal_typography_content_typography_word_spacing": {
                                    "unit": "em",
                                    "size": "",
                                    "sizes": []
                                },
                                "st_text_animated_typography_content_typography_line_height": {
                                    "unit": "em",
                                    "size": "",
                                    "sizes": []
                                },
                                "st_text_animated_typography_content_typography_word_spacing": {
                                    "unit": "em",
                                    "size": "",
                                    "sizes": []
                                },
                                "_padding_tablet": {
                                    "unit": "%",
                                    "top": "0",
                                    "right": "0",
                                    "bottom": "0",
                                    "left": "0",
                                    "isLinked": true
                                },
                                "_padding_mobile": {
                                    "unit": "%",
                                    "top": "0",
                                    "right": "0",
                                    "bottom": "0",
                                    "left": "0",
                                    "isLinked": false
                                },
                                "sg_text_alignment_responsive": "left",
                                "_margin": {
                                    "unit": "px",
                                    "top": "0",
                                    "right": "40",
                                    "bottom": "0",
                                    "left": "0",
                                    "isLinked": false
                                }
                            },
                            "elements": [],
                            "isInner": false,
                            "widgetType": "jkit_animated_text",
                            "elType": "widget"
                        },
                        {
                            "id": "79945fc3",
                            "settings": {
                                "image": {
                                    "url": "https:\/\/kit.baliniz.com\/dexxter\/wp-content\/uploads\/sites\/56\/2023\/04\/elips.png",
                                    "id": 339,
                                    "size": "",
                                    "alt": "",
                                    "source": "library"
                                },
                                "_element_width": "initial",
                                "_element_custom_width": {
                                    "unit": "px",
                                    "size": 268,
                                    "sizes": []
                                },
                                "_position": "absolute",
                                "_offset_x": {
                                    "unit": "px",
                                    "size": 161,
                                    "sizes": []
                                },
                                "_offset_y": {
                                    "unit": "px",
                                    "size": 84,
                                    "sizes": []
                                },
                                "align": "left",
                                "_offset_x_end": {
                                    "unit": "px",
                                    "size": 174,
                                    "sizes": []
                                },
                                "_offset_y_end": {
                                    "unit": "px",
                                    "size": 174,
                                    "sizes": []
                                },
                                "_offset_x_tablet": {
                                    "unit": "px",
                                    "size": 2,
                                    "sizes": []
                                },
                                "_offset_y_tablet": {
                                    "unit": "px",
                                    "size": 88,
                                    "sizes": []
                                },
                                "_element_custom_width_mobile": {
                                    "unit": "px",
                                    "size": 154,
                                    "sizes": []
                                },
                                "_offset_x_mobile": {
                                    "unit": "px",
                                    "size": 6,
                                    "sizes": []
                                },
                                "_offset_y_mobile": {
                                    "unit": "px",
                                    "size": 52,
                                    "sizes": []
                                }
                            },
                            "elements": [],
                            "isInner": false,
                            "widgetType": "image",
                            "elType": "widget"
                        },
                        {
                            "id": "712206e7",
                            "settings": {
                                "editor": "If you have any other questions - please get in touch at\u00a0<strong>support@domain.com<\/strong>",
                                "align": "left",
                                "_element_width": "initial",
                                "_element_custom_width": {
                                    "unit": "px",
                                    "size": 325,
                                    "sizes": []
                                },
                                "_margin_tablet": {
                                    "unit": "px",
                                    "top": "0",
                                    "right": "0",
                                    "bottom": "20",
                                    "left": "0",
                                    "isLinked": false
                                },
                                "_margin_mobile": {
                                    "unit": "px",
                                    "top": "0",
                                    "right": "0",
                                    "bottom": "20",
                                    "left": "0",
                                    "isLinked": false
                                },
                                "_element_width_tablet": "inherit",
                                "_element_width_mobile": "inherit",
                                "__globals__": {
                                    "text_color": "globals\/colors?id=text",
                                    "typography_typography": "globals\/typography?id=text"
                                }
                            },
                            "elements": [],
                            "isInner": false,
                            "widgetType": "text-editor",
                            "elType": "widget"
                        },
                        {
                            "id": "5896b2c5",
                            "settings": {
                                "space": {
                                    "unit": "px",
                                    "size": 10,
                                    "sizes": []
                                },
                                "hide_tablet": "hidden-tablet",
                                "hide_mobile": "hidden-mobile"
                            },
                            "elements": [],
                            "isInner": false,
                            "widgetType": "spacer",
                            "elType": "widget"
                        },
                        {
                            "id": "108cce10",
                            "settings": {
                                "button_type": "icon-boxed",
                                "button_size": "small",
                                "button_text": "Ask Question",
                                "button_link": {
                                    "url": "#",
                                    "is_external": "",
                                    "nofollow": "",
                                    "custom_attributes": ""
                                },
                                "button_background_color": "#FFFFFF00",
                                "button_reveal_hover": "reveal-horizontal",
                                "button_border_width": {
                                    "unit": "px",
                                    "top": "1",
                                    "right": "1",
                                    "bottom": "1",
                                    "left": "1",
                                    "isLinked": true
                                },
                                "button_border_radius": {
                                    "unit": "px",
                                    "top": "50",
                                    "right": "50",
                                    "bottom": "50",
                                    "left": "50",
                                    "isLinked": false
                                },
                                "button_padding": {
                                    "unit": "px",
                                    "top": "18",
                                    "right": "0",
                                    "bottom": "18",
                                    "left": "36",
                                    "isLinked": false
                                },
                                "button_icon": {
                                    "value": "jki jki-arrow-right-light",
                                    "library": "jkiticon"
                                },
                                "button_icon_size": {
                                    "unit": "px",
                                    "size": 18,
                                    "sizes": []
                                },
                                "button_icon_margin": {
                                    "unit": "px",
                                    "top": "0",
                                    "right": "10",
                                    "bottom": "0",
                                    "left": "0",
                                    "isLinked": false
                                },
                                "_element_width": "auto",
                                "__globals__": {
                                    "button_typography_typography": "globals\/typography?id=5095bcf",
                                    "button_border_color": "globals\/colors?id=accent",
                                    "button_color": "globals\/colors?id=primary",
                                    "button_hover_background_color": "globals\/colors?id=accent",
                                    "button_hover_color": "globals\/colors?id=1bb4924",
                                    "button_hover_border_color": "globals\/colors?id=accent"
                                },
                                "button_typography_line_height": {
                                    "unit": "em",
                                    "size": "",
                                    "sizes": []
                                },
                                "button_typography_word_spacing": {
                                    "unit": "em",
                                    "size": "",
                                    "sizes": []
                                }
                            },
                            "elements": [],
                            "isInner": false,
                            "widgetType": "qi_addons_for_elementor_button",
                            "elType": "widget"
                        }
                    ],
                    "isInner": false,
                    "elType": "column"
                }
            ],
            "isInner": false,
            "elType": "section"
        }
    ]
}