{
    "version": "0.4",
    "title": "Global Kit Styles",
    "type": "section",
    "metadata": {
        "template_type": "global-styles",
        "include_in_zip": "1",
        "elementor_pro_required": null,
        "additional_template_information": [
            "These are the global theme styles configured through the Elementor Theme Styles area."
        ],
        "wp_page_template": "default"
    },
    "content": [],
    "page_settings": {
        "system_colors": [
            {
                "_id": "primary",
                "title": "Primary",
                "color": "#FFFFFF"
            },
            {
                "_id": "secondary",
                "title": "Secondary",
                "color": "#D7EF42"
            },
            {
                "_id": "text",
                "title": "Text",
                "color": "#FFFFFF75"
            },
            {
                "_id": "accent",
                "title": "Accent",
                "color": "#D7EF42"
            }
        ],
        "custom_colors": [
            {
                "_id": "e9a173a",
                "title": "Text 2",
                "color": "#DCDCDC"
            },
            {
                "_id": "1bb4924",
                "title": "Black Solid",
                "color": "#000000"
            },
            {
                "title": "Bg",
                "_id": "78ab344",
                "color": "#0C0C1A"
            },
            {
                "_id": "ea75025",
                "title": "Gradient Text",
                "color": "#7274812B"
            },
            {
                "_id": "6fafa79",
                "title": "BG Soft",
                "color": "#171726"
            },
            {
                "_id": "b441830",
                "title": "Border",
                "color": "#FFFFFF1C"
            },
            {
                "_id": "c0b1d67",
                "title": "BG Testimoni",
                "color": "#1F1F32"
            },
            {
                "_id": "167ee28",
                "title": "Transparent",
                "color": "#FFFFFF00"
            }
        ],
        "system_typography": [
            {
                "_id": "primary",
                "title": "Primary",
                "typography_typography": "custom",
                "typography_font_family": "DM Sans",
                "typography_font_weight": "700",
                "typography_font_size": {
                    "unit": "px",
                    "size": 72,
                    "sizes": []
                },
                "typography_font_style": "normal",
                "typography_line_height": {
                    "unit": "em",
                    "size": 1.1,
                    "sizes": []
                },
                "typography_font_size_mobile": {
                    "unit": "px",
                    "size": 48,
                    "sizes": []
                },
                "typography_line_height_mobile": {
                    "unit": "em",
                    "size": 1.1,
                    "sizes": []
                },
                "typography_text_transform": "none",
                "typography_text_decoration": "none",
                "typography_letter_spacing": {
                    "unit": "px",
                    "size": -1.2,
                    "sizes": []
                }
            },
            {
                "_id": "secondary",
                "title": "Secondary",
                "typography_typography": "custom",
                "typography_font_family": "DM Sans",
                "typography_font_weight": "700",
                "typography_font_size": {
                    "unit": "px",
                    "size": 56,
                    "sizes": []
                },
                "typography_text_transform": "none",
                "typography_font_style": "normal",
                "typography_line_height": {
                    "unit": "em",
                    "size": 1.2,
                    "sizes": []
                },
                "typography_letter_spacing": {
                    "unit": "px",
                    "size": -1.2,
                    "sizes": []
                },
                "typography_font_size_mobile": {
                    "unit": "px",
                    "size": 32,
                    "sizes": []
                },
                "typography_text_decoration": "none"
            },
            {
                "_id": "text",
                "title": "Text",
                "typography_typography": "custom",
                "typography_font_family": "Heebo",
                "typography_font_weight": "300",
                "typography_font_size": {
                    "unit": "px",
                    "size": 16,
                    "sizes": []
                },
                "typography_line_height": {
                    "unit": "em",
                    "size": 1.5,
                    "sizes": []
                },
                "typography_font_size_mobile": {
                    "unit": "px",
                    "size": 14,
                    "sizes": []
                },
                "typography_text_transform": "none",
                "typography_font_style": "normal",
                "typography_text_decoration": "none",
                "typography_letter_spacing": {
                    "unit": "px",
                    "size": 0,
                    "sizes": []
                }
            },
            {
                "_id": "accent",
                "title": "Accent",
                "typography_typography": "custom",
                "typography_font_family": "DM Sans",
                "typography_font_weight": "500",
                "typography_font_size": {
                    "unit": "px",
                    "size": 20,
                    "sizes": []
                },
                "typography_text_transform": "none",
                "typography_font_style": "normal",
                "typography_line_height": {
                    "unit": "em",
                    "size": 1.5,
                    "sizes": []
                },
                "typography_letter_spacing": {
                    "unit": "px",
                    "size": -0.5,
                    "sizes": []
                },
                "typography_font_size_mobile": {
                    "unit": "px",
                    "size": 18,
                    "sizes": []
                },
                "typography_text_decoration": "none"
            }
        ],
        "custom_typography": [
            {
                "_id": "9f9cc51",
                "title": "H3",
                "typography_typography": "custom",
                "typography_font_family": "DM Sans",
                "typography_font_size": {
                    "unit": "px",
                    "size": 32,
                    "sizes": []
                },
                "typography_font_weight": "700",
                "typography_line_height": {
                    "unit": "em",
                    "size": 1.3,
                    "sizes": []
                },
                "typography_text_transform": "capitalize",
                "typography_font_style": "normal",
                "typography_font_size_mobile": {
                    "unit": "px",
                    "size": 28,
                    "sizes": []
                },
                "typography_text_decoration": "none",
                "typography_letter_spacing": {
                    "unit": "px",
                    "size": -1.2,
                    "sizes": []
                }
            },
            {
                "_id": "94a699f",
                "title": "H4",
                "typography_typography": "custom",
                "typography_font_family": "DM Sans",
                "typography_font_size": {
                    "unit": "px",
                    "size": 24,
                    "sizes": []
                },
                "typography_font_weight": "700",
                "typography_line_height": {
                    "unit": "em",
                    "size": 1.5,
                    "sizes": []
                },
                "typography_text_transform": "none",
                "typography_font_style": "normal",
                "typography_font_size_mobile": {
                    "unit": "px",
                    "size": 20,
                    "sizes": []
                },
                "typography_text_decoration": "none",
                "typography_letter_spacing": {
                    "unit": "px",
                    "size": -0.5,
                    "sizes": []
                }
            },
            {
                "_id": "cdeb433",
                "title": "H5",
                "typography_typography": "custom",
                "typography_font_family": "DM Sans",
                "typography_font_size": {
                    "unit": "px",
                    "size": 20,
                    "sizes": []
                },
                "typography_font_weight": "500",
                "typography_text_transform": "none",
                "typography_font_style": "normal",
                "typography_line_height": {
                    "unit": "em",
                    "size": 1.5,
                    "sizes": []
                },
                "typography_letter_spacing": {
                    "unit": "px",
                    "size": -0.5,
                    "sizes": []
                },
                "typography_font_size_mobile": {
                    "unit": "px",
                    "size": 18,
                    "sizes": []
                },
                "typography_text_decoration": "none"
            },
            {
                "_id": "e74514d",
                "title": "H6",
                "typography_typography": "custom",
                "typography_font_family": "DM Sans",
                "typography_font_size": {
                    "unit": "px",
                    "size": 18,
                    "sizes": []
                },
                "typography_font_weight": "500",
                "typography_line_height": {
                    "unit": "em",
                    "size": 1.2,
                    "sizes": []
                },
                "typography_text_transform": "none",
                "typography_font_style": "normal",
                "typography_text_decoration": "none",
                "typography_font_size_mobile": {
                    "unit": "px",
                    "size": 16,
                    "sizes": []
                }
            },
            {
                "_id": "5095bcf",
                "title": "Nav \/ Button",
                "typography_typography": "custom",
                "typography_font_family": "DM Sans",
                "typography_font_size": {
                    "unit": "px",
                    "size": 14,
                    "sizes": []
                },
                "typography_font_weight": "500",
                "typography_text_transform": "uppercase",
                "typography_line_height": {
                    "unit": "em",
                    "size": 1,
                    "sizes": []
                },
                "typography_letter_spacing": {
                    "unit": "px",
                    "size": 1,
                    "sizes": []
                },
                "typography_font_style": "normal",
                "typography_text_decoration": "none",
                "typography_font_size_mobile": {
                    "unit": "px",
                    "size": 12,
                    "sizes": []
                }
            },
            {
                "_id": "6eb8bef",
                "title": "Button 2",
                "typography_typography": "custom",
                "typography_font_family": "DM Sans",
                "typography_font_size": {
                    "unit": "px",
                    "size": 16,
                    "sizes": []
                },
                "typography_font_weight": "500",
                "typography_line_height": {
                    "unit": "em",
                    "size": 1,
                    "sizes": []
                },
                "typography_text_transform": "uppercase",
                "typography_font_style": "normal",
                "typography_letter_spacing": {
                    "unit": "px",
                    "size": 2,
                    "sizes": []
                },
                "typography_font_size_mobile": {
                    "unit": "px",
                    "size": 14,
                    "sizes": []
                },
                "typography_text_decoration": "none"
            },
            {
                "_id": "9353c84",
                "title": "Desc Testimonial",
                "typography_typography": "custom",
                "typography_font_family": "Heebo",
                "typography_font_size": {
                    "unit": "px",
                    "size": 24,
                    "sizes": []
                },
                "typography_font_weight": "300",
                "typography_font_style": "normal",
                "typography_line_height": {
                    "unit": "em",
                    "size": 1.5,
                    "sizes": []
                },
                "typography_font_size_mobile": {
                    "unit": "px",
                    "size": 18,
                    "sizes": []
                },
                "typography_text_transform": "none",
                "typography_text_decoration": "none",
                "typography_letter_spacing": {
                    "unit": "px",
                    "size": 0,
                    "sizes": []
                }
            },
            {
                "_id": "8c26381",
                "title": "H3 Alt",
                "typography_typography": "custom",
                "typography_font_family": "DM Sans",
                "typography_font_size": {
                    "unit": "px",
                    "size": 28,
                    "sizes": []
                },
                "typography_font_weight": "700",
                "typography_line_height": {
                    "unit": "em",
                    "size": 1.3,
                    "sizes": []
                },
                "typography_text_transform": "capitalize",
                "typography_font_style": "normal",
                "typography_font_size_mobile": {
                    "unit": "px",
                    "size": 24,
                    "sizes": []
                },
                "typography_text_decoration": "none",
                "typography_letter_spacing": {
                    "unit": "px",
                    "size": -1.2,
                    "sizes": []
                }
            },
            {
                "_id": "4c68b56",
                "title": "Text 2 ",
                "typography_typography": "custom",
                "typography_font_family": "Heebo",
                "typography_font_size": {
                    "unit": "px",
                    "size": 14,
                    "sizes": []
                },
                "typography_font_weight": "300",
                "typography_line_height": {
                    "unit": "em",
                    "size": 1.5,
                    "sizes": []
                },
                "typography_text_transform": "none",
                "typography_font_style": "normal",
                "typography_letter_spacing": {
                    "unit": "px",
                    "size": 0,
                    "sizes": []
                }
            },
            {
                "typography_typography": "custom",
                "typography_font_family": "Heebo",
                "typography_font_size": {
                    "unit": "px",
                    "size": 20,
                    "sizes": []
                },
                "typography_font_size_mobile": {
                    "unit": "px",
                    "size": 16,
                    "sizes": []
                },
                "typography_font_weight": "300",
                "typography_font_style": "italic",
                "typography_line_height": {
                    "unit": "em",
                    "size": 1.5,
                    "sizes": []
                },
                "typography_word_spacing": {
                    "unit": "em",
                    "size": "",
                    "sizes": []
                },
                "_id": "e07236e",
                "title": "Quote Small"
            },
            {
                "typography_typography": "custom",
                "typography_font_family": "Anton",
                "typography_font_size": {
                    "unit": "px",
                    "size": 32,
                    "sizes": []
                },
                "typography_font_size_mobile": {
                    "unit": "px",
                    "size": 22,
                    "sizes": []
                },
                "typography_font_weight": "500",
                "typography_text_transform": "uppercase",
                "typography_font_style": "normal",
                "typography_text_decoration": "none",
                "typography_line_height": {
                    "unit": "em",
                    "size": 1.3,
                    "sizes": []
                },
                "typography_letter_spacing": {
                    "unit": "px",
                    "size": 3,
                    "sizes": []
                },
                "_id": "954a70f",
                "title": "Text Marquee"
            },
            {
                "typography_typography": "custom",
                "typography_font_family": "DM Sans",
                "typography_font_size": {
                    "unit": "px",
                    "size": 42,
                    "sizes": []
                },
                "typography_font_size_mobile": {
                    "unit": "px",
                    "size": 28,
                    "sizes": []
                },
                "typography_font_weight": "700",
                "typography_text_transform": "capitalize",
                "typography_font_style": "normal",
                "typography_text_decoration": "none",
                "typography_line_height": {
                    "unit": "em",
                    "size": 1.2,
                    "sizes": []
                },
                "typography_letter_spacing": {
                    "unit": "px",
                    "size": -0.3,
                    "sizes": []
                },
                "_id": "8873729",
                "title": "H2 Small"
            },
            {
                "typography_typography": "custom",
                "typography_font_family": "Heebo",
                "typography_font_size": {
                    "unit": "px",
                    "size": 18,
                    "sizes": []
                },
                "typography_font_size_tablet": {
                    "unit": "px",
                    "size": 16,
                    "sizes": []
                },
                "typography_font_size_mobile": {
                    "unit": "px",
                    "size": 14,
                    "sizes": []
                },
                "typography_font_weight": "300",
                "typography_text_transform": "none",
                "typography_font_style": "normal",
                "typography_text_decoration": "none",
                "typography_line_height": {
                    "unit": "em",
                    "size": 1.5,
                    "sizes": []
                },
                "_id": "9fc5cd3",
                "title": "Text Hero"
            },
            {
                "typography_typography": "custom",
                "typography_font_family": "DM Sans",
                "typography_font_size": {
                    "unit": "px",
                    "size": 28,
                    "sizes": []
                },
                "typography_font_weight": "600",
                "typography_text_transform": "uppercase",
                "typography_font_style": "normal",
                "typography_text_decoration": "none",
                "typography_line_height": {
                    "unit": "em",
                    "size": 1,
                    "sizes": []
                },
                "typography_letter_spacing": {
                    "unit": "px",
                    "size": 2,
                    "sizes": []
                },
                "typography_word_spacing": {
                    "unit": "em",
                    "size": "",
                    "sizes": []
                },
                "_id": "9eaeae8",
                "title": "Text Path"
            },
            {
                "typography_typography": "custom",
                "typography_font_family": "DM Sans",
                "typography_font_size": {
                    "unit": "px",
                    "size": 64,
                    "sizes": []
                },
                "typography_font_size_mobile": {
                    "unit": "px",
                    "size": 40,
                    "sizes": []
                },
                "typography_font_weight": "700",
                "typography_text_transform": "none",
                "typography_font_style": "normal",
                "typography_text_decoration": "none",
                "typography_line_height": {
                    "unit": "em",
                    "size": 1.1,
                    "sizes": []
                },
                "typography_letter_spacing": {
                    "unit": "px",
                    "size": -1.2,
                    "sizes": []
                },
                "_id": "7228de5",
                "title": "Hero Title"
            },
            {
                "typography_typography": "custom",
                "typography_font_family": "DM Sans",
                "typography_font_size": {
                    "unit": "px",
                    "size": 12,
                    "sizes": []
                },
                "typography_font_weight": "500",
                "typography_text_transform": "uppercase",
                "typography_font_style": "normal",
                "typography_text_decoration": "none",
                "typography_line_height": {
                    "unit": "em",
                    "size": 1,
                    "sizes": []
                },
                "typography_letter_spacing": {
                    "unit": "px",
                    "size": 1,
                    "sizes": []
                },
                "typography_word_spacing": {
                    "unit": "em",
                    "size": "",
                    "sizes": []
                },
                "_id": "05f34ee",
                "title": "Category"
            },
            {
                "typography_typography": "custom",
                "typography_font_family": "DM Sans",
                "typography_font_size": {
                    "unit": "px",
                    "size": 32,
                    "sizes": []
                },
                "typography_font_size_tablet": {
                    "unit": "px",
                    "size": 28,
                    "sizes": []
                },
                "typography_font_size_mobile": {
                    "unit": "px",
                    "size": 24,
                    "sizes": []
                },
                "typography_font_weight": "700",
                "typography_text_transform": "capitalize",
                "typography_font_style": "normal",
                "typography_text_decoration": "none",
                "typography_line_height": {
                    "unit": "em",
                    "size": 2,
                    "sizes": []
                },
                "typography_letter_spacing": {
                    "unit": "px",
                    "size": -1.2,
                    "sizes": []
                },
                "typography_word_spacing": {
                    "unit": "em",
                    "size": "",
                    "sizes": []
                },
                "_id": "822390c",
                "title": "H3 Special Height"
            }
        ],
        "default_generic_fonts": "Sans-serif",
        "page_title_selector": "h1.entry-title",
        "activeItemIndex": 1,
        "viewport_md": 768,
        "viewport_lg": 1025,
        "button_border_border": "solid",
        "button_border_width": {
            "unit": "px",
            "top": "1",
            "right": "1",
            "bottom": "1",
            "left": "1",
            "isLinked": true
        },
        "button_border_radius": {
            "unit": "px",
            "top": "50",
            "right": "50",
            "bottom": "50",
            "left": "50",
            "isLinked": true
        },
        "button_padding": {
            "unit": "px",
            "top": "20",
            "right": "40",
            "bottom": "20",
            "left": "40",
            "isLinked": false
        },
        "__globals__": {
            "body_color": "globals\/colors?id=text",
            "body_typography_typography": "globals\/typography?id=text",
            "link_normal_color": "globals\/colors?id=accent",
            "link_hover_color": "globals\/colors?id=primary",
            "h1_color": "globals\/colors?id=primary",
            "h1_typography_typography": "globals\/typography?id=primary",
            "h2_color": "globals\/colors?id=primary",
            "h2_typography_typography": "globals\/typography?id=secondary",
            "h3_color": "globals\/colors?id=primary",
            "h3_typography_typography": "globals\/typography?id=9f9cc51",
            "h4_color": "globals\/colors?id=primary",
            "h4_typography_typography": "globals\/typography?id=94a699f",
            "h5_color": "globals\/colors?id=primary",
            "h5_typography_typography": "globals\/typography?id=cdeb433",
            "h6_color": "globals\/colors?id=primary",
            "h6_typography_typography": "globals\/typography?id=e74514d",
            "button_typography_typography": "globals\/typography?id=6eb8bef",
            "button_background_color": "globals\/colors?id=167ee28",
            "button_text_color": "globals\/colors?id=primary",
            "form_label_typography_typography": "",
            "form_label_color": "globals\/colors?id=e9a173a",
            "form_field_typography_typography": "globals\/typography?id=text",
            "form_field_text_color": "globals\/colors?id=text",
            "button_hover_background_color": "globals\/colors?id=accent",
            "button_hover_text_color": "globals\/colors?id=1bb4924",
            "form_field_background_color": "",
            "form_field_border_color": "globals\/colors?id=b441830",
            "mobile_browser_background": "",
            "button_border_color": "globals\/colors?id=accent"
        },
        "body_color": "#FFFFFF75",
        "link_normal_color": "#D7EF42",
        "link_hover_color": "#FFFFFF",
        "h1_color": "#FFFFFF",
        "h2_color": "#FFFFFF",
        "h3_color": "#FFFFFF",
        "h4_color": "#FFFFFF",
        "h5_color": "#FFFFFF",
        "h6_color": "#FFFFFF",
        "button_text_color": "#FFFFFF",
        "button_background_color": "#D7EF4200",
        "form_label_typography_typography": "custom",
        "form_label_typography_font_family": "DM Sans",
        "form_label_typography_font_size": {
            "unit": "px",
            "size": 18,
            "sizes": []
        },
        "form_label_typography_font_weight": "500",
        "form_label_typography_line_height": {
            "unit": "em",
            "size": 2.2,
            "sizes": []
        },
        "form_field_border_border": "solid",
        "form_field_border_width": {
            "unit": "px",
            "top": "1",
            "right": "1",
            "bottom": "1",
            "left": "1",
            "isLinked": true
        },
        "form_field_border_radius": {
            "unit": "px",
            "top": "0",
            "right": "0",
            "bottom": "0",
            "left": "0",
            "isLinked": false
        },
        "body_background_background": "classic",
        "body_background_color": "#0C0C1A",
        "mobile_browser_background": "#0C0C1A",
        "button_hover_text_color": "#D7EF42",
        "button_hover_background_color": "#FFFFFF",
        "form_label_color": "#DCDCDC",
        "form_field_text_color": "#FFFFFF75",
        "form_field_background_color": "#FFFFFF08",
        "hello_footer_copyright_text": "All rights reserved",
        "link_normal_typography_typography": "custom",
        "link_normal_typography_font_style": "normal",
        "link_normal_typography_text_decoration": "none",
        "body_typography_typography": "custom",
        "body_typography_font_family": "Heebo",
        "body_typography_font_size": {
            "unit": "px",
            "size": 16,
            "sizes": []
        },
        "body_typography_font_weight": "300",
        "body_typography_text_transform": "none",
        "body_typography_font_style": "normal",
        "body_typography_text_decoration": "none",
        "body_typography_line_height": {
            "unit": "em",
            "size": 1.5,
            "sizes": []
        },
        "h1_typography_typography": "custom",
        "h1_typography_font_family": "DM Sans",
        "h1_typography_font_size": {
            "unit": "px",
            "size": 72,
            "sizes": []
        },
        "h1_typography_font_weight": "700",
        "h1_typography_text_transform": "none",
        "h1_typography_font_style": "normal",
        "h1_typography_text_decoration": "none",
        "h1_typography_line_height": {
            "unit": "em",
            "size": 1.1,
            "sizes": []
        },
        "h1_typography_letter_spacing": {
            "unit": "px",
            "size": -1.2,
            "sizes": []
        },
        "h2_typography_typography": "custom",
        "h2_typography_font_family": "DM Sans",
        "h2_typography_font_size": {
            "unit": "px",
            "size": 56,
            "sizes": []
        },
        "h2_typography_font_weight": "700",
        "h2_typography_text_transform": "none",
        "h2_typography_font_style": "normal",
        "h2_typography_text_decoration": "none",
        "h2_typography_line_height": {
            "unit": "em",
            "size": 1.2,
            "sizes": []
        },
        "h2_typography_letter_spacing": {
            "unit": "px",
            "size": -1.2,
            "sizes": []
        },
        "h3_typography_typography": "custom",
        "h3_typography_font_family": "DM Sans",
        "h3_typography_font_size": {
            "unit": "px",
            "size": 32,
            "sizes": []
        },
        "h3_typography_font_weight": "700",
        "h3_typography_text_transform": "capitalize",
        "h3_typography_font_style": "normal",
        "h3_typography_text_decoration": "none",
        "h3_typography_line_height": {
            "unit": "em",
            "size": 1.3,
            "sizes": []
        },
        "h3_typography_word_spacing": {
            "unit": "em",
            "size": "",
            "sizes": []
        },
        "h4_typography_typography": "custom",
        "h4_typography_font_family": "DM Sans",
        "h4_typography_font_size": {
            "unit": "px",
            "size": 24,
            "sizes": []
        },
        "h4_typography_font_weight": "700",
        "h4_typography_text_transform": "none",
        "h4_typography_font_style": "normal",
        "h4_typography_text_decoration": "none",
        "h4_typography_line_height": {
            "unit": "em",
            "size": 1.5,
            "sizes": []
        },
        "h4_typography_word_spacing": {
            "unit": "em",
            "size": "",
            "sizes": []
        },
        "h5_typography_typography": "custom",
        "h5_typography_font_family": "DM Sans",
        "h5_typography_font_size": {
            "unit": "px",
            "size": 20,
            "sizes": []
        },
        "h5_typography_font_weight": "500",
        "h5_typography_text_transform": "none",
        "h5_typography_font_style": "normal",
        "h5_typography_text_decoration": "none",
        "h5_typography_line_height": {
            "unit": "em",
            "size": 1.5,
            "sizes": []
        },
        "h5_typography_letter_spacing": {
            "unit": "px",
            "size": -0.5,
            "sizes": []
        },
        "h5_typography_word_spacing": {
            "unit": "em",
            "size": "",
            "sizes": []
        },
        "h6_typography_typography": "custom",
        "h6_typography_font_family": "DM Sans",
        "h6_typography_font_size": {
            "unit": "px",
            "size": 18,
            "sizes": []
        },
        "h6_typography_font_weight": "500",
        "h6_typography_text_transform": "none",
        "h6_typography_font_style": "normal",
        "h6_typography_text_decoration": "none",
        "h6_typography_line_height": {
            "unit": "em",
            "size": 1.2,
            "sizes": []
        },
        "h6_typography_word_spacing": {
            "unit": "em",
            "size": "",
            "sizes": []
        },
        "form_field_typography_typography": "custom",
        "form_field_typography_font_family": "Heebo",
        "form_field_typography_font_size": {
            "unit": "px",
            "size": 16,
            "sizes": []
        },
        "form_field_typography_font_weight": "300",
        "form_field_typography_text_transform": "none",
        "form_field_typography_font_style": "normal",
        "form_field_typography_text_decoration": "none",
        "form_field_typography_line_height": {
            "unit": "em",
            "size": 1.5,
            "sizes": []
        },
        "body_background_image": {
            "url": "https:\/\/kit.baliniz.com\/dexxter\/wp-content\/uploads\/sites\/56\/2023\/04\/noise.png",
            "id": 343,
            "size": "",
            "alt": "",
            "source": "library"
        },
        "body_background_position": "center center",
        "body_background_repeat": "repeat",
        "body_background_size": "initial",
        "body_background_bg_width": {
            "unit": "%",
            "size": 10,
            "sizes": []
        },
        "body_typography_font_size_mobile": {
            "unit": "px",
            "size": 14,
            "sizes": []
        },
        "h1_typography_font_size_tablet": {
            "unit": "px",
            "size": 38,
            "sizes": []
        },
        "h1_typography_font_size_mobile": {
            "unit": "px",
            "size": 48,
            "sizes": []
        },
        "h1_typography_line_height_mobile": {
            "unit": "em",
            "size": 1.1,
            "sizes": []
        },
        "h2_typography_font_size_mobile": {
            "unit": "px",
            "size": 32,
            "sizes": []
        },
        "h3_typography_font_size_mobile": {
            "unit": "px",
            "size": 28,
            "sizes": []
        },
        "h4_typography_font_size_mobile": {
            "unit": "px",
            "size": 20,
            "sizes": []
        },
        "h5_typography_font_size_mobile": {
            "unit": "px",
            "size": 18,
            "sizes": []
        },
        "form_field_typography_font_size_mobile": {
            "unit": "px",
            "size": 14,
            "sizes": []
        },
        "body_typography_letter_spacing": {
            "unit": "px",
            "size": 0,
            "sizes": []
        },
        "h3_typography_letter_spacing": {
            "unit": "px",
            "size": -1.2,
            "sizes": []
        },
        "h4_typography_letter_spacing": {
            "unit": "px",
            "size": -0.5,
            "sizes": []
        },
        "button_typography_typography": "custom",
        "button_typography_font_family": "DM Sans",
        "button_typography_font_size": {
            "unit": "px",
            "size": 16,
            "sizes": []
        },
        "button_typography_font_weight": "500",
        "button_typography_text_transform": "uppercase",
        "button_typography_font_style": "normal",
        "button_typography_text_decoration": "none",
        "button_typography_line_height": {
            "unit": "em",
            "size": 1,
            "sizes": []
        },
        "button_typography_letter_spacing": {
            "unit": "px",
            "size": 2,
            "sizes": []
        },
        "button_typography_word_spacing": {
            "unit": "em",
            "size": "",
            "sizes": []
        },
        "button_border_color": "#D7EF42",
        "form_field_typography_letter_spacing": {
            "unit": "px",
            "size": 0,
            "sizes": []
        },
        "h6_typography_font_size_mobile": {
            "unit": "px",
            "size": 16,
            "sizes": []
        },
        "button_typography_font_size_mobile": {
            "unit": "px",
            "size": 14,
            "sizes": []
        }
    }
}