{
    "version": "0.4",
    "title": "Header",
    "type": "section",
    "metadata": {
        "template_type": "section-header",
        "include_in_zip": "1",
        "elementor_pro_required": null,
        "wp_page_template": "elementor_canvas"
    },
    "content": [
        {
            "id": "357ce9b4",
            "settings": {
                "structure": "30",
                "background_color": "#00000000",
                "padding": {
                    "unit": "px",
                    "top": "20",
                    "right": "0",
                    "bottom": "0",
                    "left": "0",
                    "isLinked": false
                },
                "z_index": 99,
                "content_width": {
                    "unit": "px",
                    "size": 1290,
                    "sizes": []
                },
                "margin": {
                    "unit": "px",
                    "top": "0",
                    "right": 0,
                    "bottom": "-90",
                    "left": 0,
                    "isLinked": false
                },
                "margin_tablet": {
                    "unit": "px",
                    "top": "",
                    "right": 0,
                    "bottom": "",
                    "left": 0,
                    "isLinked": true
                },
                "ekit_has_onepagescroll": "",
                "ekit_control_get_pro": "1",
                "content_position": "middle",
                "background_background": "classic",
                "background_color_stop": {
                    "unit": "%",
                    "size": 100,
                    "sizes": []
                },
                "background_color_b": "#FF040400",
                "background_gradient_angle": {
                    "unit": "deg",
                    "size": 360,
                    "sizes": []
                },
                "border_border": "none",
                "border_width": {
                    "unit": "px",
                    "top": "0",
                    "right": "0",
                    "bottom": "1",
                    "left": "0",
                    "isLinked": false
                },
                "border_color": "#FFFFFF2B"
            },
            "elements": [
                {
                    "id": "47804c20",
                    "settings": {
                        "_column_size": 33,
                        "_inline_size": 18,
                        "content_position": "center",
                        "margin": {
                            "unit": "px",
                            "top": "0",
                            "right": "0",
                            "bottom": "0",
                            "left": "0",
                            "isLinked": false
                        },
                        "_inline_size_tablet": 40,
                        "_inline_size_mobile": 50,
                        "margin_tablet": {
                            "unit": "px",
                            "top": "0",
                            "right": "0",
                            "bottom": "0",
                            "left": "10",
                            "isLinked": false
                        }
                    },
                    "elements": [
                        {
                            "id": "60cd2f44",
                            "settings": {
                                "image": {
                                    "id": 1007,
                                    "url": "https:\/\/kit.baliniz.com\/dexxter\/wp-content\/uploads\/sites\/56\/2023\/04\/logo-dexxter.png",
                                    "alt": "",
                                    "source": "library",
                                    "size": ""
                                },
                                "image_size": "full",
                                "width": {
                                    "unit": "%",
                                    "size": 85,
                                    "sizes": []
                                },
                                "align": "left",
                                "caption_typography_line_height": {
                                    "unit": "em",
                                    "size": "",
                                    "sizes": []
                                },
                                "width_tablet": {
                                    "unit": "%",
                                    "size": 50,
                                    "sizes": []
                                },
                                "width_mobile": {
                                    "unit": "%",
                                    "size": 100,
                                    "sizes": []
                                }
                            },
                            "elements": [],
                            "isInner": false,
                            "widgetType": "image",
                            "elType": "widget"
                        }
                    ],
                    "isInner": false,
                    "elType": "column"
                },
                {
                    "id": "5781fe3b",
                    "settings": {
                        "_column_size": 33,
                        "_inline_size": 74.318,
                        "margin": {
                            "unit": "px",
                            "top": "0",
                            "right": "20",
                            "bottom": "0",
                            "left": "0",
                            "isLinked": false
                        },
                        "_inline_size_tablet": 60,
                        "_inline_size_mobile": 50,
                        "margin_tablet": {
                            "unit": "px",
                            "top": "0",
                            "right": "10",
                            "bottom": "0",
                            "left": "0",
                            "isLinked": false
                        }
                    },
                    "elements": [
                        {
                            "id": "aeb8beb",
                            "settings": {
                                "st_menu_wrapper_height_responsive": {
                                    "unit": "px",
                                    "size": 50,
                                    "sizes": []
                                },
                                "st_menu_item_spacing_responsive": {
                                    "unit": "px",
                                    "top": "0",
                                    "right": "5",
                                    "bottom": "0",
                                    "left": "5",
                                    "isLinked": false
                                },
                                "st_submenu_item_text_hover_bg_background_background": "classic",
                                "st_submenu_item_text_hover_bg_background_color": "#D7EF42",
                                "st_submenu_panel_background_background_background": "classic",
                                "st_submenu_panel_background_background_color": "#FFFFFF",
                                "st_submenu_panel_box_shadow_box_shadow_box_shadow_type": "yes",
                                "st_submenu_panel_box_shadow_box_shadow_box_shadow": {
                                    "horizontal": 0,
                                    "vertical": 3,
                                    "blur": 15,
                                    "spread": 0,
                                    "color": "rgba(171.28125000000003, 171.28125000000003, 171.28125000000003, 0.09)"
                                },
                                "sg_mobile_menu_logo": {
                                    "id": 1007,
                                    "url": "https:\/\/kit.baliniz.com\/dexxter\/wp-content\/uploads\/sites\/56\/2023\/04\/logo-dexxter.png",
                                    "alt": "",
                                    "source": "library",
                                    "size": ""
                                },
                                "sg_mobile_menu_logo_size_imagesize_size": "full",
                                "st_menu_wrapper_padding_responsive_tablet": {
                                    "unit": "px",
                                    "top": "0",
                                    "right": "0",
                                    "bottom": "0",
                                    "left": "0",
                                    "isLinked": false
                                },
                                "st_menu_wrapper_margin_responsive_tablet": {
                                    "unit": "px",
                                    "top": "0",
                                    "right": "0",
                                    "bottom": "0",
                                    "left": "0",
                                    "isLinked": false
                                },
                                "st_menu_item_spacing_responsive_tablet": {
                                    "unit": "px",
                                    "top": "25",
                                    "right": "25",
                                    "bottom": "20",
                                    "left": "25",
                                    "isLinked": false
                                },
                                "st_submenu_item_indicator_border_border_border": "solid",
                                "st_submenu_item_indicator_border_border_width": {
                                    "unit": "px",
                                    "top": "0",
                                    "right": "0",
                                    "bottom": "0",
                                    "left": "0",
                                    "isLinked": true
                                },
                                "st_submenu_item_spacing_responsive_tablet": {
                                    "unit": "px",
                                    "top": "20",
                                    "right": "20",
                                    "bottom": "20",
                                    "left": "20",
                                    "isLinked": false
                                },
                                "st_submenu_item_text_normal_color_responsive_tablet": "#000000",
                                "st_hamburger_menu_icon_size_responsive_tablet": {
                                    "unit": "px",
                                    "size": 30,
                                    "sizes": []
                                },
                                "st_hamburger_menu_icon_border_border_border": "solid",
                                "st_hamburger_menu_icon_border_border_width_tablet": {
                                    "unit": "px",
                                    "top": "0",
                                    "right": "0",
                                    "bottom": "0",
                                    "left": "0",
                                    "isLinked": true
                                },
                                "st_hamburger_menu_icon_border_border_width_mobile": {
                                    "unit": "px",
                                    "top": "0",
                                    "right": "0",
                                    "bottom": "0",
                                    "left": "0",
                                    "isLinked": true
                                },
                                "st_hamburger_menu_icon_margin_responsive_tablet": {
                                    "unit": "px",
                                    "top": "0",
                                    "right": "0",
                                    "bottom": "0",
                                    "left": "0",
                                    "isLinked": false
                                },
                                "st_hamburger_menu_icon_padding_responsive_tablet": {
                                    "unit": "px",
                                    "top": "0",
                                    "right": "0",
                                    "bottom": "0",
                                    "left": "0",
                                    "isLinked": false
                                },
                                "st_hamburger_menu_close_border_border_border": "solid",
                                "st_hamburger_menu_close_border_border_width_mobile": {
                                    "unit": "px",
                                    "top": "0",
                                    "right": "0",
                                    "bottom": "0",
                                    "left": "0",
                                    "isLinked": true
                                },
                                "st_hamburger_menu_close_border_radius_responsive_mobile": {
                                    "unit": "px",
                                    "top": "50",
                                    "right": "50",
                                    "bottom": "50",
                                    "left": "50",
                                    "isLinked": true
                                },
                                "st_hamburger_menu_close_border_hover_border_border": "solid",
                                "st_hamburger_menu_close_border_hover_border_width_tablet": {
                                    "unit": "px",
                                    "top": "0",
                                    "right": "0",
                                    "bottom": "0",
                                    "left": "0",
                                    "isLinked": true
                                },
                                "st_hamburger_menu_close_border_hover_border_color": "#FFFFFF",
                                "st_hamburger_menu_close_border_radius_hover_responsive_tablet": {
                                    "unit": "px",
                                    "top": "50",
                                    "right": "50",
                                    "bottom": "50",
                                    "left": "50",
                                    "isLinked": true
                                },
                                "st_mobile_menu_margin_responsive_tablet": {
                                    "unit": "px",
                                    "top": "20",
                                    "right": "0",
                                    "bottom": "0",
                                    "left": "20",
                                    "isLinked": false
                                },
                                "__globals__": {
                                    "st_menu_item_typography_content_typography_typography": "globals\/typography?id=5095bcf",
                                    "st_menu_item_text_hover_color_responsive_tablet": "globals\/colors?id=accent",
                                    "st_menu_item_text_active_color_responsive_tablet": "globals\/colors?id=accent",
                                    "st_submenu_item_typography_content_typography_typography": "globals\/typography?id=5095bcf",
                                    "st_submenu_item_text_hover_color_responsive_tablet": "",
                                    "st_submenu_item_text_active_color_responsive_tablet": "",
                                    "st_hamburger_menu_close_color_hover_responsive_mobile": "globals\/colors?id=1bb4924",
                                    "st_hamburger_menu_icon_color_hover_responsive_tablet": "globals\/colors?id=accent",
                                    "st_hamburger_menu_close_color_hover_responsive_tablet": "globals\/colors?id=1bb4924",
                                    "st_menu_item_text_hover_color_responsive": "",
                                    "st_menu_item_text_active_color_responsive": "globals\/colors?id=accent",
                                    "st_submenu_item_text_hover_color_responsive": "globals\/colors?id=1bb4924",
                                    "st_submenu_item_text_active_color_responsive": "globals\/colors?id=1bb4924",
                                    "st_menu_item_text_hover_border_border_color": "globals\/colors?id=accent",
                                    "st_menu_item_text_active_border_border_color": "globals\/colors?id=accent",
                                    "st_submenu_item_text_hover_bg_background_color": "globals\/colors?id=accent",
                                    "st_submenu_panel_background_background_color": "",
                                    "st_hamburger_menu_icon_color_responsive_tablet": "globals\/colors?id=accent",
                                    "st_menu_wrapper_mobile_color_tablet_responsive_tablet": "globals\/colors?id=78ab344",
                                    "st_menu_item_text_normal_color_responsive_tablet": "globals\/colors?id=primary",
                                    "st_hamburger_menu_close_background_background_color": "globals\/colors?id=accent",
                                    "st_hamburger_menu_close_color_responsive_mobile": "globals\/colors?id=1bb4924",
                                    "st_hamburger_menu_close_background_hover_background_color": "globals\/colors?id=primary",
                                    "st_menu_item_text_normal_color_responsive": "globals\/colors?id=primary",
                                    "st_hamburger_menu_close_color_responsive_tablet": "globals\/colors?id=1bb4924",
                                    "st_submenu_item_text_normal_color_responsive": "globals\/colors?id=1bb4924",
                                    "st_submenu_item_text_active_bg_background_color": "globals\/colors?id=accent",
                                    "st_hamburger_menu_icon_border_border_color": "globals\/colors?id=1bb4924",
                                    "st_hamburger_menu_close_border_border_color": "globals\/colors?id=1bb4924"
                                },
                                "st_hamburger_menu_close_border_border_width_tablet": {
                                    "unit": "px",
                                    "top": "0",
                                    "right": "0",
                                    "bottom": "0",
                                    "left": "0",
                                    "isLinked": true
                                },
                                "st_submenu_item_indicator": {
                                    "value": "jki jki-chevron-down-line",
                                    "library": "jkiticon"
                                },
                                "st_submenu_item_spacing_responsive": {
                                    "unit": "px",
                                    "top": "16",
                                    "right": "20",
                                    "bottom": "16",
                                    "left": "20",
                                    "isLinked": false
                                },
                                "st_submenu_panel_padding_responsive": {
                                    "unit": "px",
                                    "top": "10",
                                    "right": "10",
                                    "bottom": "10",
                                    "left": "10",
                                    "isLinked": false
                                },
                                "sg_menu_choose": "menu-1",
                                "st_menu_item_text_normal_border_border_border": "solid",
                                "st_menu_item_text_normal_border_border_width": {
                                    "unit": "px",
                                    "top": "0",
                                    "right": "0",
                                    "bottom": "1",
                                    "left": "0",
                                    "isLinked": false
                                },
                                "st_menu_item_text_normal_border_border_color": "#02010100",
                                "st_menu_item_text_hover_border_border_border": "solid",
                                "st_menu_item_text_hover_border_border_width": {
                                    "unit": "px",
                                    "top": "0",
                                    "right": "0",
                                    "bottom": "1",
                                    "left": "0",
                                    "isLinked": false
                                },
                                "st_menu_item_text_hover_border_border_color": "#D7EF42",
                                "st_menu_item_text_active_border_border_border": "solid",
                                "st_menu_item_text_active_border_border_width": {
                                    "unit": "px",
                                    "top": "0",
                                    "right": "0",
                                    "bottom": "1",
                                    "left": "0",
                                    "isLinked": false
                                },
                                "st_menu_item_text_active_border_border_color": "#D7EF42",
                                "st_hamburger_menu_icon_background_background_background": "classic",
                                "st_hamburger_menu_icon_background_background_color": "#02010100",
                                "st_hamburger_menu_close_background_background_background": "classic",
                                "st_hamburger_menu_close_background_hover_background_background": "classic",
                                "_margin_mobile": {
                                    "unit": "px",
                                    "top": "0",
                                    "right": "0",
                                    "bottom": "0",
                                    "left": "0",
                                    "isLinked": true
                                },
                                "st_hamburger_menu_icon_color_hover_responsive_tablet": "#D7EF42",
                                "_margin": {
                                    "unit": "px",
                                    "top": "0",
                                    "right": "0",
                                    "bottom": "0",
                                    "left": "20",
                                    "isLinked": false
                                },
                                "st_hamburger_menu_icon_border_radius_responsive_tablet": {
                                    "unit": "px",
                                    "top": "0",
                                    "right": "0",
                                    "bottom": "0",
                                    "left": "0",
                                    "isLinked": true
                                },
                                "st_hamburger_menu_close_border_radius_responsive_tablet": {
                                    "unit": "px",
                                    "top": "50",
                                    "right": "50",
                                    "bottom": "50",
                                    "left": "50",
                                    "isLinked": true
                                },
                                "st_hamburger_menu_close_margin_responsive_tablet": {
                                    "unit": "px",
                                    "top": "30",
                                    "right": "30",
                                    "bottom": "0",
                                    "left": "0",
                                    "isLinked": false
                                },
                                "st_mobile_menu_max_width_responsive_tablet": {
                                    "unit": "px",
                                    "size": 180,
                                    "sizes": []
                                },
                                "st_mobile_menu_max_width_responsive_mobile": {
                                    "unit": "px",
                                    "size": 160,
                                    "sizes": []
                                },
                                "sg_menu_alignment_responsive": "flex-end",
                                "sg_mobile_menu_icon": {
                                    "value": "jki jki-bars-solid",
                                    "library": "jkiticon"
                                },
                                "st_menu_item_icon_size_responsive_tablet": {
                                    "unit": "px",
                                    "size": 20,
                                    "sizes": []
                                },
                                "st_hamburger_menu_close_padding_responsive_tablet": {
                                    "unit": "px",
                                    "top": "14",
                                    "right": "22",
                                    "bottom": "13",
                                    "left": "17",
                                    "isLinked": false
                                },
                                "st_hamburger_menu_icon_size_responsive_mobile": {
                                    "unit": "px",
                                    "size": 26,
                                    "sizes": []
                                },
                                "st_menu_item_margin_responsive": {
                                    "unit": "px",
                                    "top": "0",
                                    "right": "0",
                                    "bottom": "0",
                                    "left": "30",
                                    "isLinked": false
                                },
                                "st_menu_item_text_normal_color_responsive_tablet": "#FFFFFF",
                                "st_menu_item_text_hover_color_responsive_tablet": "#D7EF42",
                                "st_menu_item_text_active_color_responsive": "#D7EF42",
                                "st_menu_item_text_active_color_responsive_tablet": "#D7EF42",
                                "st_hamburger_menu_close_background_background_color": "#D7EF42",
                                "st_hamburger_menu_close_background_hover_background_color": "#FFFFFF",
                                "st_submenu_item_text_active_bg_background_background": "classic",
                                "st_menu_item_margin_responsive_tablet": {
                                    "unit": "px",
                                    "top": "0",
                                    "right": "0",
                                    "bottom": "0",
                                    "left": "5",
                                    "isLinked": false
                                },
                                "st_menu_item_text_normal_color_responsive": "#FFFFFF",
                                "st_menu_item_text_normal_bg_background_background": "classic",
                                "st_menu_item_text_hover_color_responsive": "#D7EF42",
                                "st_menu_item_text_hover_bg_background_background": "classic",
                                "st_submenu_item_text_normal_color_responsive": "#000000",
                                "st_submenu_item_text_active_color_responsive": "#FFFFFF",
                                "st_submenu_item_text_active_bg_background_color": "#D7EF42",
                                "st_hamburger_menu_icon_color_responsive_tablet": "#D7EF42",
                                "st_hamburger_menu_close_color_responsive_mobile": "#FFFFFF",
                                "st_hamburger_menu_close_color_hover_responsive_tablet": "#000000",
                                "st_hamburger_menu_close_color_hover_responsive_mobile": "#000000",
                                "st_hamburger_menu_close_margin_responsive_mobile": {
                                    "unit": "px",
                                    "top": "30",
                                    "right": "30",
                                    "bottom": "0",
                                    "left": "0",
                                    "isLinked": false
                                },
                                "st_hamburger_menu_close_padding_responsive_mobile": {
                                    "unit": "px",
                                    "top": "15",
                                    "right": "22",
                                    "bottom": "14",
                                    "left": "18",
                                    "isLinked": false
                                }
                            },
                            "elements": [],
                            "isInner": false,
                            "widgetType": "jkit_nav_menu",
                            "elType": "widget"
                        }
                    ],
                    "isInner": false,
                    "elType": "column"
                },
                {
                    "id": "d78d819",
                    "settings": {
                        "_column_size": 33,
                        "_inline_size": 7.168,
                        "content_position": "center",
                        "hide_tablet": "hidden-tablet",
                        "hide_mobile": "hidden-phone",
                        "align": "flex-end"
                    },
                    "elements": [
                        {
                            "id": "f7cfa8e",
                            "settings": {
                                "sg_setting_open_text": "Open ",
                                "sg_setting_open_icon": {
                                    "value": "jki jki-bars-solid",
                                    "library": "jkiticon"
                                },
                                "st_open_padding_responsive": {
                                    "unit": "px",
                                    "top": "9",
                                    "right": "10",
                                    "bottom": "8",
                                    "left": "10",
                                    "isLinked": false
                                },
                                "_element_width": "auto",
                                "sg_setting_template": "634",
                                "__globals__": {
                                    "st_open_normal_color_responsive": "globals\/colors?id=primary",
                                    "st_open_hover_color_responsive": "globals\/colors?id=accent",
                                    "_border_color": "",
                                    "st_panel_background_background_color": "",
                                    "st_close_normal_color_responsive": "globals\/colors?id=secondary",
                                    "st_close_hover_color_responsive": "globals\/colors?id=accent",
                                    "st_open_normal_border_border_color": "globals\/colors?id=accent"
                                },
                                "_border_border": "none",
                                "_border_width": {
                                    "unit": "px",
                                    "top": "0",
                                    "right": "0",
                                    "bottom": "0",
                                    "left": "1",
                                    "isLinked": false
                                },
                                "st_open_normal_color_responsive": "#072005",
                                "st_open_hover_color_responsive": "#76B783",
                                "_border_color": "#0000002B",
                                "st_close_normal_color_responsive": "#FFFFFF",
                                "st_close_hover_color_responsive": "#76B783",
                                "st_panel_background_background_background": "classic",
                                "st_panel_background_background_color": "#FFFFFF00",
                                "st_panel_background_background_image": {
                                    "url": "",
                                    "id": "",
                                    "alt": "",
                                    "source": "library",
                                    "size": ""
                                },
                                "st_panel_background_background_position": "center center",
                                "st_panel_background_background_repeat": "repeat",
                                "st_panel_background_background_size": "initial",
                                "st_panel_width_responsive": {
                                    "unit": "%",
                                    "size": 100,
                                    "sizes": []
                                },
                                "st_panel_width_responsive_tablet": {
                                    "unit": "%",
                                    "size": "",
                                    "sizes": []
                                },
                                "st_panel_width_responsive_mobile": {
                                    "unit": "%",
                                    "size": "",
                                    "sizes": []
                                },
                                "st_panel_position": "top",
                                "st_panel_height_responsive": {
                                    "unit": "%",
                                    "size": 100,
                                    "sizes": []
                                },
                                "st_panel_height_responsive_tablet": {
                                    "unit": "%",
                                    "size": "",
                                    "sizes": []
                                },
                                "st_panel_height_responsive_mobile": {
                                    "unit": "%",
                                    "size": "",
                                    "sizes": []
                                },
                                "sg_setting_close_icon": {
                                    "value": "jki jki-times-solid",
                                    "library": "jkiticon"
                                },
                                "st_open_alignment_responsive": "right",
                                "st_open_normal_border_border_border": "solid",
                                "st_open_normal_border_border_width": {
                                    "unit": "px",
                                    "top": "1",
                                    "right": "1",
                                    "bottom": "1",
                                    "left": "1",
                                    "isLinked": true
                                },
                                "st_open_border_radius_responsive": {
                                    "unit": "px",
                                    "top": "50",
                                    "right": "50",
                                    "bottom": "50",
                                    "left": "50",
                                    "isLinked": true
                                },
                                "sg_setting_overlay_color_background_background": "classic",
                                "sg_setting_overlay_color_background_color": "#171726",
                                "st_close_alignment_responsive": "right",
                                "st_panel_background_background_bg_width": {
                                    "unit": "%",
                                    "size": 10,
                                    "sizes": []
                                },
                                "st_open_normal_background_background_background": "classic",
                                "st_open_normal_background_background_color": "#FFFFFF00"
                            },
                            "elements": [],
                            "isInner": false,
                            "widgetType": "jkit_off_canvas",
                            "elType": "widget"
                        }
                    ],
                    "isInner": false,
                    "elType": "column"
                }
            ],
            "isInner": false,
            "elType": "section"
        }
    ]
}