{
    "version": "0.4",
    "title": "JKit &#8211; Off Canvas",
    "type": "section",
    "metadata": {
        "template_type": "section-other",
        "include_in_zip": "1",
        "elementor_pro_required": null,
        "wp_page_template": "elementor_canvas"
    },
    "content": [
        {
            "id": "2bce817f",
            "settings": {
                "content_position": "middle",
                "__globals__": {
                    "background_color": ""
                },
                "background_motion_fx_motion_fx_scrolling": "",
                "background_motion_fx_translateY_effect": "",
                "background_motion_fx_translateY_direction": "",
                "background_motion_fx_translateY_speed": {
                    "unit": "px",
                    "size": 4,
                    "sizes": []
                },
                "background_motion_fx_translateY_affectedRange": {
                    "unit": "%",
                    "size": "",
                    "sizes": {
                        "start": 0,
                        "end": 100
                    }
                },
                "background_motion_fx_translateX_effect": "",
                "background_motion_fx_translateX_direction": "",
                "background_motion_fx_translateX_speed": {
                    "unit": "px",
                    "size": 4,
                    "sizes": []
                },
                "background_motion_fx_translateX_affectedRange": {
                    "unit": "%",
                    "size": "",
                    "sizes": {
                        "start": 0,
                        "end": 100
                    }
                },
                "background_motion_fx_opacity_effect": "",
                "background_motion_fx_opacity_direction": "out-in",
                "background_motion_fx_opacity_level": {
                    "unit": "px",
                    "size": 10,
                    "sizes": []
                },
                "background_motion_fx_opacity_range": {
                    "unit": "%",
                    "size": "",
                    "sizes": {
                        "start": 20,
                        "end": 80
                    }
                },
                "background_motion_fx_blur_effect": "",
                "background_motion_fx_blur_direction": "out-in",
                "background_motion_fx_blur_level": {
                    "unit": "px",
                    "size": 7,
                    "sizes": []
                },
                "background_motion_fx_blur_range": {
                    "unit": "%",
                    "size": "",
                    "sizes": {
                        "start": 20,
                        "end": 80
                    }
                },
                "background_motion_fx_rotateZ_direction": "",
                "background_motion_fx_rotateZ_speed": {
                    "unit": "px",
                    "size": 1,
                    "sizes": []
                },
                "background_motion_fx_rotateZ_affectedRange": {
                    "unit": "%",
                    "size": "",
                    "sizes": {
                        "start": 0,
                        "end": 100
                    }
                },
                "background_motion_fx_scale_effect": "",
                "background_motion_fx_scale_direction": "out-in",
                "background_motion_fx_scale_speed": {
                    "unit": "px",
                    "size": 4,
                    "sizes": []
                },
                "background_motion_fx_scale_range": {
                    "unit": "%",
                    "size": "",
                    "sizes": {
                        "start": 20,
                        "end": 80
                    }
                },
                "background_motion_fx_devices": [
                    "desktop",
                    "tablet",
                    "mobile"
                ],
                "background_motion_fx_range": "",
                "background_motion_fx_motion_fx_mouse": "",
                "background_motion_fx_mouseTrack_effect": "",
                "background_motion_fx_mouseTrack_direction": "",
                "background_motion_fx_mouseTrack_speed": {
                    "unit": "px",
                    "size": 1,
                    "sizes": []
                },
                "background_motion_fx_tilt_direction": "",
                "background_motion_fx_tilt_speed": {
                    "unit": "px",
                    "size": 4,
                    "sizes": []
                },
                "motion_fx_motion_fx_scrolling": "",
                "motion_fx_translateY_effect": "",
                "motion_fx_translateY_direction": "",
                "motion_fx_translateY_speed": {
                    "unit": "px",
                    "size": 4,
                    "sizes": []
                },
                "motion_fx_translateY_affectedRange": {
                    "unit": "%",
                    "size": "",
                    "sizes": {
                        "start": 0,
                        "end": 100
                    }
                },
                "motion_fx_translateX_effect": "",
                "motion_fx_translateX_direction": "",
                "motion_fx_translateX_speed": {
                    "unit": "px",
                    "size": 4,
                    "sizes": []
                },
                "motion_fx_translateX_affectedRange": {
                    "unit": "%",
                    "size": "",
                    "sizes": {
                        "start": 0,
                        "end": 100
                    }
                },
                "motion_fx_opacity_effect": "",
                "motion_fx_opacity_direction": "out-in",
                "motion_fx_opacity_level": {
                    "unit": "px",
                    "size": 10,
                    "sizes": []
                },
                "motion_fx_opacity_range": {
                    "unit": "%",
                    "size": "",
                    "sizes": {
                        "start": 20,
                        "end": 80
                    }
                },
                "motion_fx_blur_effect": "",
                "motion_fx_blur_direction": "out-in",
                "motion_fx_blur_level": {
                    "unit": "px",
                    "size": 7,
                    "sizes": []
                },
                "motion_fx_blur_range": {
                    "unit": "%",
                    "size": "",
                    "sizes": {
                        "start": 20,
                        "end": 80
                    }
                },
                "motion_fx_rotateZ_effect": "",
                "motion_fx_rotateZ_direction": "",
                "motion_fx_rotateZ_speed": {
                    "unit": "px",
                    "size": 1,
                    "sizes": []
                },
                "motion_fx_rotateZ_affectedRange": {
                    "unit": "%",
                    "size": "",
                    "sizes": {
                        "start": 0,
                        "end": 100
                    }
                },
                "motion_fx_scale_effect": "",
                "motion_fx_scale_direction": "out-in",
                "motion_fx_scale_speed": {
                    "unit": "px",
                    "size": 4,
                    "sizes": []
                },
                "motion_fx_scale_range": {
                    "unit": "%",
                    "size": "",
                    "sizes": {
                        "start": 20,
                        "end": 80
                    }
                },
                "motion_fx_transform_origin_x": "center",
                "motion_fx_transform_origin_y": "center",
                "motion_fx_devices": [
                    "desktop",
                    "tablet",
                    "mobile"
                ],
                "motion_fx_range": "",
                "motion_fx_mouseTrack_effect": "",
                "motion_fx_mouseTrack_direction": "",
                "motion_fx_mouseTrack_speed": {
                    "unit": "px",
                    "size": 1,
                    "sizes": []
                },
                "motion_fx_tilt_effect": "",
                "motion_fx_tilt_direction": "",
                "motion_fx_tilt_speed": {
                    "unit": "px",
                    "size": 4,
                    "sizes": []
                },
                "sticky": "",
                "sticky_on": [
                    "desktop",
                    "tablet",
                    "mobile"
                ],
                "sticky_offset": 0,
                "sticky_effects_offset": 0,
                "_attributes": "",
                "custom_css": "",
                "padding": {
                    "unit": "px",
                    "top": "50",
                    "right": "0",
                    "bottom": "50",
                    "left": "0",
                    "isLinked": false
                },
                "ekit_has_onepagescroll": "",
                "ekit_control_get_pro": "1",
                "jet_sticky_section_sticky_background_image": {
                    "url": "",
                    "id": ""
                },
                "jet_sticky_section_sticky_background_video_fallback": {
                    "url": "",
                    "id": ""
                },
                "jet_sticky_section_sticky_background_slideshow_gallery": [],
                "background_background": "classic",
                "background_color": "#171726",
                "background_overlay_background": "classic",
                "background_overlay_image": {
                    "url": "",
                    "id": "",
                    "size": "",
                    "alt": "",
                    "source": "library"
                },
                "background_overlay_position": "center center",
                "background_overlay_repeat": "repeat",
                "background_overlay_size": "initial",
                "background_overlay_bg_width": {
                    "unit": "%",
                    "size": 10,
                    "sizes": []
                }
            },
            "elements": [
                {
                    "id": "216b129c",
                    "settings": {
                        "_column_size": 100,
                        "_inline_size": null,
                        "align": "center",
                        "background_motion_fx_motion_fx_scrolling": "",
                        "background_motion_fx_translateY_effect": "",
                        "background_motion_fx_translateY_direction": "",
                        "background_motion_fx_translateY_speed": {
                            "unit": "px",
                            "size": 4,
                            "sizes": []
                        },
                        "background_motion_fx_translateY_affectedRange": {
                            "unit": "%",
                            "size": "",
                            "sizes": {
                                "start": 0,
                                "end": 100
                            }
                        },
                        "background_motion_fx_translateX_effect": "",
                        "background_motion_fx_translateX_direction": "",
                        "background_motion_fx_translateX_speed": {
                            "unit": "px",
                            "size": 4,
                            "sizes": []
                        },
                        "background_motion_fx_translateX_affectedRange": {
                            "unit": "%",
                            "size": "",
                            "sizes": {
                                "start": 0,
                                "end": 100
                            }
                        },
                        "background_motion_fx_opacity_effect": "",
                        "background_motion_fx_opacity_direction": "out-in",
                        "background_motion_fx_opacity_level": {
                            "unit": "px",
                            "size": 10,
                            "sizes": []
                        },
                        "background_motion_fx_opacity_range": {
                            "unit": "%",
                            "size": "",
                            "sizes": {
                                "start": 20,
                                "end": 80
                            }
                        },
                        "background_motion_fx_blur_effect": "",
                        "background_motion_fx_blur_direction": "out-in",
                        "background_motion_fx_blur_level": {
                            "unit": "px",
                            "size": 7,
                            "sizes": []
                        },
                        "background_motion_fx_blur_range": {
                            "unit": "%",
                            "size": "",
                            "sizes": {
                                "start": 20,
                                "end": 80
                            }
                        },
                        "background_motion_fx_rotateZ_direction": "",
                        "background_motion_fx_rotateZ_speed": {
                            "unit": "px",
                            "size": 1,
                            "sizes": []
                        },
                        "background_motion_fx_rotateZ_affectedRange": {
                            "unit": "%",
                            "size": "",
                            "sizes": {
                                "start": 0,
                                "end": 100
                            }
                        },
                        "background_motion_fx_scale_effect": "",
                        "background_motion_fx_scale_direction": "out-in",
                        "background_motion_fx_scale_speed": {
                            "unit": "px",
                            "size": 4,
                            "sizes": []
                        },
                        "background_motion_fx_scale_range": {
                            "unit": "%",
                            "size": "",
                            "sizes": {
                                "start": 20,
                                "end": 80
                            }
                        },
                        "background_motion_fx_devices": [
                            "desktop",
                            "tablet",
                            "mobile"
                        ],
                        "background_motion_fx_range": "",
                        "background_motion_fx_motion_fx_mouse": "",
                        "background_motion_fx_mouseTrack_effect": "",
                        "background_motion_fx_mouseTrack_direction": "",
                        "background_motion_fx_mouseTrack_speed": {
                            "unit": "px",
                            "size": 1,
                            "sizes": []
                        },
                        "background_motion_fx_tilt_direction": "",
                        "background_motion_fx_tilt_speed": {
                            "unit": "px",
                            "size": 4,
                            "sizes": []
                        },
                        "motion_fx_motion_fx_scrolling": "",
                        "motion_fx_translateY_effect": "",
                        "motion_fx_translateY_direction": "",
                        "motion_fx_translateY_speed": {
                            "unit": "px",
                            "size": 4,
                            "sizes": []
                        },
                        "motion_fx_translateY_affectedRange": {
                            "unit": "%",
                            "size": "",
                            "sizes": {
                                "start": 0,
                                "end": 100
                            }
                        },
                        "motion_fx_translateX_effect": "",
                        "motion_fx_translateX_direction": "",
                        "motion_fx_translateX_speed": {
                            "unit": "px",
                            "size": 4,
                            "sizes": []
                        },
                        "motion_fx_translateX_affectedRange": {
                            "unit": "%",
                            "size": "",
                            "sizes": {
                                "start": 0,
                                "end": 100
                            }
                        },
                        "motion_fx_opacity_effect": "",
                        "motion_fx_opacity_direction": "out-in",
                        "motion_fx_opacity_level": {
                            "unit": "px",
                            "size": 10,
                            "sizes": []
                        },
                        "motion_fx_opacity_range": {
                            "unit": "%",
                            "size": "",
                            "sizes": {
                                "start": 20,
                                "end": 80
                            }
                        },
                        "motion_fx_blur_effect": "",
                        "motion_fx_blur_direction": "out-in",
                        "motion_fx_blur_level": {
                            "unit": "px",
                            "size": 7,
                            "sizes": []
                        },
                        "motion_fx_blur_range": {
                            "unit": "%",
                            "size": "",
                            "sizes": {
                                "start": 20,
                                "end": 80
                            }
                        },
                        "motion_fx_rotateZ_effect": "",
                        "motion_fx_rotateZ_direction": "",
                        "motion_fx_rotateZ_speed": {
                            "unit": "px",
                            "size": 1,
                            "sizes": []
                        },
                        "motion_fx_rotateZ_affectedRange": {
                            "unit": "%",
                            "size": "",
                            "sizes": {
                                "start": 0,
                                "end": 100
                            }
                        },
                        "motion_fx_scale_effect": "",
                        "motion_fx_scale_direction": "out-in",
                        "motion_fx_scale_speed": {
                            "unit": "px",
                            "size": 4,
                            "sizes": []
                        },
                        "motion_fx_scale_range": {
                            "unit": "%",
                            "size": "",
                            "sizes": {
                                "start": 20,
                                "end": 80
                            }
                        },
                        "motion_fx_transform_origin_x": "center",
                        "motion_fx_transform_origin_y": "center",
                        "motion_fx_devices": [
                            "desktop",
                            "tablet",
                            "mobile"
                        ],
                        "motion_fx_range": "",
                        "motion_fx_motion_fx_mouse": "",
                        "motion_fx_mouseTrack_effect": "",
                        "motion_fx_mouseTrack_direction": "",
                        "motion_fx_mouseTrack_speed": {
                            "unit": "px",
                            "size": 1,
                            "sizes": []
                        },
                        "motion_fx_tilt_effect": "",
                        "motion_fx_tilt_direction": "",
                        "motion_fx_tilt_speed": {
                            "unit": "px",
                            "size": 4,
                            "sizes": []
                        },
                        "_attributes": "",
                        "custom_css": "",
                        "margin": {
                            "unit": "px",
                            "top": "0",
                            "right": "0",
                            "bottom": "0",
                            "left": "0",
                            "isLinked": true
                        }
                    },
                    "elements": [
                        {
                            "id": "369191fb",
                            "settings": {
                                "image": {
                                    "id": 1007,
                                    "url": "https:\/\/kit.baliniz.com\/dexxter\/wp-content\/uploads\/sites\/56\/2023\/04\/logo-dexxter.png",
                                    "alt": "",
                                    "source": "library",
                                    "size": ""
                                },
                                "width": {
                                    "unit": "px",
                                    "size": 250,
                                    "sizes": []
                                },
                                "space": {
                                    "unit": "%",
                                    "size": "100",
                                    "sizes": []
                                },
                                "_element_custom_width": {
                                    "unit": "px",
                                    "size": "200",
                                    "sizes": []
                                },
                                "image_size": "full",
                                "width_mobile": {
                                    "unit": "%",
                                    "size": "100",
                                    "sizes": []
                                },
                                "_element_width_mobile": "initial",
                                "_element_custom_width_mobile": {
                                    "unit": "%",
                                    "size": 90,
                                    "sizes": []
                                },
                                "align": "center",
                                "width_tablet": {
                                    "unit": "px",
                                    "size": "",
                                    "sizes": []
                                }
                            },
                            "elements": [],
                            "isInner": false,
                            "widgetType": "image",
                            "elType": "widget"
                        },
                        {
                            "id": "120bfacc",
                            "settings": {
                                "gap": "no",
                                "structure": "30",
                                "margin": {
                                    "unit": "px",
                                    "top": "50",
                                    "right": 0,
                                    "bottom": "80",
                                    "left": 0,
                                    "isLinked": false
                                }
                            },
                            "elements": [
                                {
                                    "id": "45986583",
                                    "settings": {
                                        "_column_size": 33,
                                        "_inline_size": 29.136,
                                        "border_width": {
                                            "unit": "px",
                                            "top": "0",
                                            "right": "1",
                                            "bottom": "0",
                                            "left": "0",
                                            "isLinked": false
                                        },
                                        "border_color": "#FFFFFF30"
                                    },
                                    "elements": [
                                        {
                                            "id": "3e2279ab",
                                            "settings": {
                                                "title": "Quick Links",
                                                "__globals__": {
                                                    "title_color": "globals\/colors?id=primary",
                                                    "typography_typography": "globals\/typography?id=94a699f"
                                                },
                                                "header_size": "h4"
                                            },
                                            "elements": [],
                                            "isInner": false,
                                            "widgetType": "heading",
                                            "elType": "widget"
                                        },
                                        {
                                            "id": "5d56dca7",
                                            "settings": {
                                                "icon_list": [
                                                    {
                                                        "text": "Home",
                                                        "selected_icon": {
                                                            "value": "",
                                                            "library": ""
                                                        },
                                                        "link": {
                                                            "url": "#",
                                                            "is_external": "",
                                                            "nofollow": "",
                                                            "custom_attributes": ""
                                                        },
                                                        "_id": "8e5ccb4"
                                                    },
                                                    {
                                                        "text": "Services",
                                                        "selected_icon": {
                                                            "value": "",
                                                            "library": ""
                                                        },
                                                        "link": {
                                                            "url": "#",
                                                            "is_external": "",
                                                            "nofollow": "",
                                                            "custom_attributes": ""
                                                        },
                                                        "_id": "2a5846b"
                                                    },
                                                    {
                                                        "text": "Portfolio",
                                                        "selected_icon": {
                                                            "value": "",
                                                            "library": ""
                                                        },
                                                        "link": {
                                                            "url": "#",
                                                            "is_external": "",
                                                            "nofollow": "",
                                                            "custom_attributes": ""
                                                        },
                                                        "_id": "7252864"
                                                    },
                                                    {
                                                        "text": "FAQ",
                                                        "selected_icon": {
                                                            "value": "",
                                                            "library": ""
                                                        },
                                                        "link": {
                                                            "url": "#",
                                                            "is_external": "",
                                                            "nofollow": "",
                                                            "custom_attributes": ""
                                                        },
                                                        "_id": "206a9ff"
                                                    },
                                                    {
                                                        "text": "Contact",
                                                        "selected_icon": {
                                                            "value": "",
                                                            "library": ""
                                                        },
                                                        "link": {
                                                            "url": "#",
                                                            "is_external": "",
                                                            "nofollow": "",
                                                            "custom_attributes": ""
                                                        },
                                                        "_id": "0d964ff"
                                                    }
                                                ],
                                                "space_between": {
                                                    "unit": "px",
                                                    "size": 20,
                                                    "sizes": []
                                                },
                                                "__globals__": {
                                                    "text_color_hover": "globals\/colors?id=accent",
                                                    "text_color": "",
                                                    "icon_color": "globals\/colors?id=secondary",
                                                    "icon_typography_typography": "globals\/typography?id=9fc5cd3"
                                                },
                                                "text_color": "#FFFFFF",
                                                "icon_color": "#D7EF42",
                                                "_margin": {
                                                    "unit": "px",
                                                    "top": "10",
                                                    "right": "0",
                                                    "bottom": "0",
                                                    "left": "0",
                                                    "isLinked": false
                                                },
                                                "text_color_hover": "#D7EF42"
                                            },
                                            "elements": [],
                                            "isInner": false,
                                            "widgetType": "icon-list",
                                            "elType": "widget"
                                        }
                                    ],
                                    "isInner": true,
                                    "elType": "column"
                                },
                                {
                                    "id": "494e5d0a",
                                    "settings": {
                                        "_column_size": 33,
                                        "_inline_size": 33.138,
                                        "border_width": {
                                            "unit": "px",
                                            "top": "0",
                                            "right": "1",
                                            "bottom": "0",
                                            "left": "1",
                                            "isLinked": false
                                        },
                                        "border_color": "#FFFFFF30",
                                        "margin": {
                                            "unit": "px",
                                            "top": "0",
                                            "right": "0",
                                            "bottom": "0",
                                            "left": "0",
                                            "isLinked": true
                                        },
                                        "padding": {
                                            "unit": "px",
                                            "top": "0",
                                            "right": "0",
                                            "bottom": "0",
                                            "left": "20",
                                            "isLinked": false
                                        }
                                    },
                                    "elements": [
                                        {
                                            "id": "16e93d59",
                                            "settings": {
                                                "title": "Our Services",
                                                "__globals__": {
                                                    "title_color": "globals\/colors?id=primary",
                                                    "typography_typography": "globals\/typography?id=94a699f"
                                                },
                                                "header_size": "h4"
                                            },
                                            "elements": [],
                                            "isInner": false,
                                            "widgetType": "heading",
                                            "elType": "widget"
                                        },
                                        {
                                            "id": "6235e4d0",
                                            "settings": {
                                                "icon_list": [
                                                    {
                                                        "text": "Fashion Photography",
                                                        "selected_icon": {
                                                            "value": "",
                                                            "library": ""
                                                        },
                                                        "_id": "8cfc1eb",
                                                        "link": {
                                                            "url": "#",
                                                            "is_external": "",
                                                            "nofollow": "",
                                                            "custom_attributes": ""
                                                        }
                                                    },
                                                    {
                                                        "text": "Wedding Photography",
                                                        "selected_icon": {
                                                            "value": "",
                                                            "library": ""
                                                        },
                                                        "_id": "01dad71"
                                                    },
                                                    {
                                                        "text": "Event Photography",
                                                        "selected_icon": {
                                                            "value": "",
                                                            "library": ""
                                                        },
                                                        "_id": "e0e44de"
                                                    },
                                                    {
                                                        "text": "Product Photography",
                                                        "selected_icon": {
                                                            "value": "",
                                                            "library": ""
                                                        },
                                                        "_id": "9923cc1"
                                                    }
                                                ],
                                                "space_between": {
                                                    "unit": "px",
                                                    "size": 20,
                                                    "sizes": []
                                                },
                                                "text_color": "#FFFFFF",
                                                "text_indent": {
                                                    "unit": "px",
                                                    "size": 0,
                                                    "sizes": []
                                                },
                                                "__globals__": {
                                                    "icon_color": "globals\/colors?id=accent",
                                                    "text_color": "",
                                                    "icon_typography_typography": "globals\/typography?id=9fc5cd3",
                                                    "text_color_hover": "globals\/colors?id=accent"
                                                },
                                                "_margin": {
                                                    "unit": "px",
                                                    "top": "10",
                                                    "right": "0",
                                                    "bottom": "0",
                                                    "left": "0",
                                                    "isLinked": false
                                                },
                                                "icon_align_mobile": "left",
                                                "_margin_mobile": {
                                                    "unit": "px",
                                                    "top": "0",
                                                    "right": "0",
                                                    "bottom": "0",
                                                    "left": "0",
                                                    "isLinked": false
                                                },
                                                "_padding_mobile": {
                                                    "unit": "px",
                                                    "top": "0",
                                                    "right": "0",
                                                    "bottom": "0",
                                                    "left": "0",
                                                    "isLinked": false
                                                },
                                                "icon_color": "#D7EF42",
                                                "text_color_hover": "#D7EF42"
                                            },
                                            "elements": [],
                                            "isInner": false,
                                            "widgetType": "icon-list",
                                            "elType": "widget"
                                        }
                                    ],
                                    "isInner": true,
                                    "elType": "column"
                                },
                                {
                                    "id": "14417b38",
                                    "settings": {
                                        "_column_size": 33,
                                        "_inline_size": 37,
                                        "margin": {
                                            "unit": "px",
                                            "top": "0",
                                            "right": "0",
                                            "bottom": "0",
                                            "left": "0",
                                            "isLinked": true
                                        },
                                        "padding": {
                                            "unit": "px",
                                            "top": "0",
                                            "right": "0",
                                            "bottom": "0",
                                            "left": "40",
                                            "isLinked": false
                                        }
                                    },
                                    "elements": [
                                        {
                                            "id": "41fa4afb",
                                            "settings": {
                                                "sg_text_style": "none",
                                                "sg_text_before": "",
                                                "sg_text_animated": "Let's talk about the next big thing",
                                                "sg_text_rotating_list": [
                                                    {
                                                        "sg_text_rotating_list_text": "rotating",
                                                        "_id": "3520e14"
                                                    }
                                                ],
                                                "sg_text_after": "",
                                                "sg_text_html_tag": "h2",
                                                "sg_text_normal_color_style": "gradient",
                                                "st_text_animated_normal_gradient_background_background": "gradient",
                                                "st_text_animated_normal_gradient_background_color": "#FFFFFF",
                                                "st_text_animated_normal_gradient_background_color_stop": {
                                                    "unit": "%",
                                                    "size": 40,
                                                    "sizes": []
                                                },
                                                "st_text_animated_normal_gradient_background_color_b": "#7274812B",
                                                "st_text_animated_normal_gradient_background_gradient_angle": {
                                                    "unit": "deg",
                                                    "size": 145,
                                                    "sizes": []
                                                },
                                                "__globals__": {
                                                    "st_text_animated_typography_content_typography_typography": "globals\/typography?id=8873729",
                                                    "st_text_normal_typography_content_typography_typography": "globals\/typography?id=8873729"
                                                },
                                                "_background_background": "classic",
                                                "sg_text_alignment_responsive": "left",
                                                "_element_width": "initial",
                                                "_element_custom_width": {
                                                    "unit": "px",
                                                    "size": 520,
                                                    "sizes": []
                                                }
                                            },
                                            "elements": [],
                                            "isInner": false,
                                            "widgetType": "jkit_animated_text",
                                            "elType": "widget"
                                        },
                                        {
                                            "id": "10139df3",
                                            "settings": {
                                                "button_type": "icon-boxed",
                                                "button_size": "small",
                                                "button_text": "Let's Collaborate",
                                                "button_link": {
                                                    "url": "#",
                                                    "is_external": "",
                                                    "nofollow": "",
                                                    "custom_attributes": ""
                                                },
                                                "button_background_color": "#FFFFFF00",
                                                "button_reveal_hover": "reveal-horizontal",
                                                "button_border_width": {
                                                    "unit": "px",
                                                    "top": "1",
                                                    "right": "1",
                                                    "bottom": "1",
                                                    "left": "1",
                                                    "isLinked": true
                                                },
                                                "button_border_radius": {
                                                    "unit": "px",
                                                    "top": "50",
                                                    "right": "50",
                                                    "bottom": "50",
                                                    "left": "50",
                                                    "isLinked": false
                                                },
                                                "button_padding": {
                                                    "unit": "px",
                                                    "top": "18",
                                                    "right": "0",
                                                    "bottom": "18",
                                                    "left": "36",
                                                    "isLinked": false
                                                },
                                                "button_icon": {
                                                    "value": "jki jki-arrow-right-light",
                                                    "library": "jkiticon"
                                                },
                                                "button_icon_size": {
                                                    "unit": "px",
                                                    "size": 18,
                                                    "sizes": []
                                                },
                                                "button_icon_margin": {
                                                    "unit": "px",
                                                    "top": "0",
                                                    "right": "10",
                                                    "bottom": "0",
                                                    "left": "0",
                                                    "isLinked": false
                                                },
                                                "_element_width": "auto",
                                                "__globals__": {
                                                    "button_typography_typography": "globals\/typography?id=6eb8bef",
                                                    "button_border_color": "",
                                                    "button_color": "globals\/colors?id=primary",
                                                    "button_hover_background_color": "globals\/colors?id=accent",
                                                    "button_hover_color": "globals\/colors?id=1bb4924",
                                                    "button_hover_border_color": "globals\/colors?id=accent"
                                                },
                                                "button_color": "#FFFFFF",
                                                "button_border_color": "#D7EF42",
                                                "button_hover_color": "#000000",
                                                "button_hover_background_color": "#D7EF42",
                                                "button_hover_border_color": "#D7EF42",
                                                "_margin": {
                                                    "unit": "px",
                                                    "top": "60",
                                                    "right": "0",
                                                    "bottom": "0",
                                                    "left": "0",
                                                    "isLinked": false
                                                }
                                            },
                                            "elements": [],
                                            "isInner": false,
                                            "widgetType": "qi_addons_for_elementor_button",
                                            "elType": "widget"
                                        }
                                    ],
                                    "isInner": true,
                                    "elType": "column"
                                }
                            ],
                            "isInner": true,
                            "elType": "section"
                        },
                        {
                            "id": "284bc39f",
                            "settings": {
                                "structure": "20",
                                "gap": "no",
                                "margin": {
                                    "unit": "px",
                                    "top": "10",
                                    "right": 0,
                                    "bottom": "0",
                                    "left": 0,
                                    "isLinked": false
                                },
                                "border_border": "solid",
                                "border_width": {
                                    "unit": "px",
                                    "top": "1",
                                    "right": "0",
                                    "bottom": "0",
                                    "left": "0",
                                    "isLinked": false
                                },
                                "border_color": "#FFFFFF21",
                                "padding": {
                                    "unit": "px",
                                    "top": "80",
                                    "right": "0",
                                    "bottom": "0",
                                    "left": "0",
                                    "isLinked": false
                                },
                                "content_position": "middle"
                            },
                            "elements": [
                                {
                                    "id": "3d3ff688",
                                    "settings": {
                                        "_column_size": 50,
                                        "_inline_size": 55
                                    },
                                    "elements": [
                                        {
                                            "id": "766cd089",
                                            "settings": {
                                                "title": "Contact Details",
                                                "__globals__": {
                                                    "title_color": "globals\/colors?id=primary",
                                                    "typography_typography": "globals\/typography?id=94a699f"
                                                },
                                                "header_size": "h4"
                                            },
                                            "elements": [],
                                            "isInner": false,
                                            "widgetType": "heading",
                                            "elType": "widget"
                                        },
                                        {
                                            "id": "694b6a85",
                                            "settings": {
                                                "icon_list": [
                                                    {
                                                        "text": "Jl. Raya Kuta No.70, Bali",
                                                        "selected_icon": {
                                                            "value": "fas fa-map-marker-alt",
                                                            "library": "fa-solid"
                                                        },
                                                        "_id": "8cfc1eb",
                                                        "link": {
                                                            "url": "#",
                                                            "is_external": "",
                                                            "nofollow": "",
                                                            "custom_attributes": ""
                                                        }
                                                    },
                                                    {
                                                        "text": "support@domain.com",
                                                        "selected_icon": {
                                                            "value": "fas fa-envelope",
                                                            "library": "fa-solid"
                                                        },
                                                        "_id": "01dad71"
                                                    },
                                                    {
                                                        "text": "(+021) 558 780 22",
                                                        "selected_icon": {
                                                            "value": "fas fa-phone-alt",
                                                            "library": "fa-solid"
                                                        },
                                                        "_id": "e0e44de"
                                                    }
                                                ],
                                                "space_between": {
                                                    "unit": "px",
                                                    "size": 20,
                                                    "sizes": []
                                                },
                                                "text_color": "#FFFFFF",
                                                "text_indent": {
                                                    "unit": "px",
                                                    "size": 0,
                                                    "sizes": []
                                                },
                                                "__globals__": {
                                                    "icon_color": "globals\/colors?id=accent",
                                                    "text_color": "",
                                                    "icon_typography_typography": "globals\/typography?id=text",
                                                    "text_color_hover": "globals\/colors?id=accent"
                                                },
                                                "_margin": {
                                                    "unit": "px",
                                                    "top": "10",
                                                    "right": "0",
                                                    "bottom": "0",
                                                    "left": "0",
                                                    "isLinked": false
                                                },
                                                "icon_typography_line_height": {
                                                    "unit": "em",
                                                    "size": "",
                                                    "sizes": []
                                                },
                                                "icon_typography_word_spacing": {
                                                    "unit": "em",
                                                    "size": "",
                                                    "sizes": []
                                                },
                                                "icon_align_mobile": "left",
                                                "_margin_mobile": {
                                                    "unit": "px",
                                                    "top": "0",
                                                    "right": "0",
                                                    "bottom": "0",
                                                    "left": "0",
                                                    "isLinked": false
                                                },
                                                "_padding_mobile": {
                                                    "unit": "px",
                                                    "top": "0",
                                                    "right": "0",
                                                    "bottom": "0",
                                                    "left": "0",
                                                    "isLinked": false
                                                },
                                                "view": "inline"
                                            },
                                            "elements": [],
                                            "isInner": false,
                                            "widgetType": "icon-list",
                                            "elType": "widget"
                                        }
                                    ],
                                    "isInner": true,
                                    "elType": "column"
                                },
                                {
                                    "id": "5e244be3",
                                    "settings": {
                                        "_column_size": 50,
                                        "_inline_size": 45,
                                        "margin": {
                                            "unit": "px",
                                            "top": "0",
                                            "right": "0",
                                            "bottom": "0",
                                            "left": "70",
                                            "isLinked": false
                                        },
                                        "align": "flex-end"
                                    },
                                    "elements": [
                                        {
                                            "id": "5652ddc0",
                                            "settings": {
                                                "title": "Follow Our Social Media",
                                                "__globals__": {
                                                    "title_color": "globals\/colors?id=primary",
                                                    "typography_typography": "globals\/typography?id=94a699f"
                                                },
                                                "_element_width": "auto",
                                                "header_size": "h4"
                                            },
                                            "elements": [],
                                            "isInner": false,
                                            "widgetType": "heading",
                                            "elType": "widget"
                                        },
                                        {
                                            "id": "50a04613",
                                            "settings": {
                                                "social_icon_list": [
                                                    {
                                                        "social_icon": {
                                                            "value": "jki jki-facebook-f",
                                                            "library": "jkiticon"
                                                        },
                                                        "_id": "80578bd"
                                                    },
                                                    {
                                                        "social_icon": {
                                                            "value": "fab fa-twitter",
                                                            "library": "fa-brands"
                                                        },
                                                        "_id": "94abe4a"
                                                    },
                                                    {
                                                        "social_icon": {
                                                            "value": "fab fa-instagram",
                                                            "library": "fa-brands"
                                                        },
                                                        "_id": "4f8f64b"
                                                    },
                                                    {
                                                        "social_icon": {
                                                            "value": "fab fa-youtube",
                                                            "library": "fa-brands"
                                                        },
                                                        "_id": "ffc2890"
                                                    }
                                                ],
                                                "shape": "circle",
                                                "icon_size": {
                                                    "unit": "px",
                                                    "size": 15,
                                                    "sizes": []
                                                },
                                                "icon_spacing": {
                                                    "unit": "px",
                                                    "size": 18,
                                                    "sizes": []
                                                },
                                                "_margin": {
                                                    "unit": "px",
                                                    "top": "20",
                                                    "right": "0",
                                                    "bottom": "0",
                                                    "left": "20",
                                                    "isLinked": false
                                                },
                                                "_element_width": "auto",
                                                "icon_color": "custom",
                                                "icon_padding": {
                                                    "unit": "em",
                                                    "size": 0.8,
                                                    "sizes": []
                                                },
                                                "__globals__": {
                                                    "icon_secondary_color": "globals\/colors?id=1bb4924",
                                                    "icon_primary_color": "globals\/colors?id=primary",
                                                    "hover_secondary_color": "",
                                                    "hover_primary_color": "globals\/colors?id=accent"
                                                },
                                                "animation_duration": "slow",
                                                "_animation_delay": 600,
                                                "icon_size_mobile": {
                                                    "unit": "px",
                                                    "size": 10,
                                                    "sizes": []
                                                },
                                                "hover_animation": "float"
                                            },
                                            "elements": [],
                                            "isInner": false,
                                            "widgetType": "social-icons",
                                            "elType": "widget"
                                        }
                                    ],
                                    "isInner": true,
                                    "elType": "column"
                                }
                            ],
                            "isInner": true,
                            "elType": "section"
                        }
                    ],
                    "isInner": false,
                    "elType": "column"
                }
            ],
            "isInner": false,
            "elType": "section"
        }
    ]
}