{
    "version": "0.4",
    "title": "Single Post",
    "type": "section",
    "metadata": {
        "template_type": "single-post",
        "include_in_zip": "1",
        "elementor_pro_required": null,
        "wp_page_template": "elementor_header_footer"
    },
    "content": [
        {
            "id": "27af77ca",
            "settings": {
                "content_width": {
                    "unit": "px",
                    "size": 1290,
                    "sizes": []
                },
                "background_background": "classic",
                "background_repeat": "no-repeat",
                "background_size": "cover",
                "background_overlay_background": "classic",
                "margin": {
                    "unit": "px",
                    "top": "0",
                    "right": 0,
                    "bottom": "0",
                    "left": 0,
                    "isLinked": false
                },
                "padding": {
                    "unit": "px",
                    "top": "200",
                    "right": "0",
                    "bottom": "150",
                    "left": "0",
                    "isLinked": false
                },
                "shape_divider_bottom_width": {
                    "unit": "%",
                    "size": 100,
                    "sizes": []
                },
                "shape_divider_bottom_negative": "yes",
                "__globals__": {
                    "background_overlay_color": "globals\/colors?id=78ab344",
                    "background_color": "globals\/colors?id=primary",
                    "background_overlay_color_b": "globals\/colors?id=accent",
                    "background_color_b": "globals\/colors?id=primary"
                },
                "background_overlay_opacity": {
                    "unit": "px",
                    "size": 0.85,
                    "sizes": []
                },
                "background_position": "center center",
                "margin_mobile": {
                    "unit": "px",
                    "top": "0",
                    "right": 0,
                    "bottom": "0",
                    "left": 0,
                    "isLinked": false
                },
                "padding_mobile": {
                    "unit": "px",
                    "top": "160",
                    "right": "10",
                    "bottom": "80",
                    "left": "10",
                    "isLinked": false
                },
                "ekit_has_onepagescroll": "",
                "ekit_control_get_pro": "1",
                "margin_tablet": {
                    "unit": "px",
                    "top": "",
                    "right": 0,
                    "bottom": "",
                    "left": 0,
                    "isLinked": true
                },
                "padding_tablet": {
                    "unit": "px",
                    "top": "200",
                    "right": "10",
                    "bottom": "120",
                    "left": "10",
                    "isLinked": false
                },
                "background_overlay_image": {
                    "id": "",
                    "url": ""
                },
                "background_overlay_color_b": "#222631",
                "background_overlay_gradient_angle": {
                    "unit": "deg",
                    "size": 270,
                    "sizes": []
                },
                "background_overlay_position": "initial",
                "background_overlay_repeat": "no-repeat",
                "background_overlay_size": "cover",
                "background_overlay_ypos": {
                    "unit": "%",
                    "size": 50,
                    "sizes": []
                },
                "background_overlay_ypos_tablet": {
                    "unit": "%",
                    "size": 0,
                    "sizes": []
                },
                "background_overlay_ypos_mobile": {
                    "unit": "%",
                    "size": 0,
                    "sizes": []
                },
                "background_gradient_type": "radial",
                "background_gradient_position": "top left",
                "background_image": {
                    "url": "https:\/\/kit.baliniz.com\/dexxter\/wp-content\/uploads\/sites\/56\/2023\/04\/product-photography-shoot-of-shoes.jpg",
                    "id": 55,
                    "alt": "Product photography shoot of shoes",
                    "source": "library",
                    "size": ""
                },
                "background_overlay_gradient_type": "radial",
                "background_overlay_gradient_position": "bottom right",
                "background_overlay_image_tablet": {
                    "url": "",
                    "id": "",
                    "alt": "",
                    "source": "library"
                },
                "background_overlay_position_tablet": "center center",
                "background_overlay_xpos": {
                    "unit": "vw",
                    "size": 25,
                    "sizes": []
                },
                "background_overlay_xpos_tablet": {
                    "unit": "%",
                    "size": 0,
                    "sizes": []
                },
                "background_overlay_xpos_mobile": {
                    "unit": "%",
                    "size": 0,
                    "sizes": []
                },
                "background_overlay_attachment": "fixed",
                "shape_divider_bottom_height": {
                    "unit": "px",
                    "size": 60,
                    "sizes": []
                },
                "background_attachment": "fixed"
            },
            "elements": [
                {
                    "id": "780b2271",
                    "settings": {
                        "_column_size": 100,
                        "_inline_size": null,
                        "align": "center"
                    },
                    "elements": [
                        {
                            "id": "7f79a5f",
                            "settings": {
                                "sg_term_separator": ",",
                                "_element_width": "auto",
                                "__globals__": {
                                    "st_term_normal_color_responsive": "globals\/colors?id=primary",
                                    "st_term_typography_content_typography_typography": "globals\/typography?id=05f34ee",
                                    "_border_color": "globals\/colors?id=accent"
                                },
                                "sg_term_taxonomy": "post_tag",
                                "st_term_normal_color_responsive": "#FFFFFF",
                                "_padding": {
                                    "unit": "px",
                                    "top": "6",
                                    "right": "20",
                                    "bottom": "6",
                                    "left": "20",
                                    "isLinked": false
                                },
                                "_border_border": "solid",
                                "_border_width": {
                                    "unit": "px",
                                    "top": "1",
                                    "right": "1",
                                    "bottom": "1",
                                    "left": "1",
                                    "isLinked": true
                                },
                                "_border_color": "#D7EF42",
                                "_border_radius": {
                                    "unit": "px",
                                    "top": "50",
                                    "right": "50",
                                    "bottom": "50",
                                    "left": "50",
                                    "isLinked": true
                                }
                            },
                            "elements": [],
                            "isInner": false,
                            "widgetType": "jkit_post_terms",
                            "elType": "widget"
                        },
                        {
                            "id": "4d2d356c",
                            "settings": {
                                "__globals__": {
                                    "st_title_typography_content_typography_typography": "globals\/typography?id=7228de5",
                                    "st_title_normal_color_responsive": "globals\/colors?id=primary"
                                },
                                "_margin": {
                                    "unit": "px",
                                    "top": "10",
                                    "right": "0",
                                    "bottom": "-25",
                                    "left": "0",
                                    "isLinked": false
                                },
                                "st_title_alignment_responsive": "center",
                                "_padding": {
                                    "unit": "%",
                                    "top": "0",
                                    "right": "5",
                                    "bottom": "0",
                                    "left": "5",
                                    "isLinked": false
                                },
                                "_padding_tablet": {
                                    "unit": "px",
                                    "top": "0",
                                    "right": "0",
                                    "bottom": "0",
                                    "left": "0",
                                    "isLinked": false
                                },
                                "_padding_mobile": {
                                    "unit": "px",
                                    "top": "0",
                                    "right": "0",
                                    "bottom": "0",
                                    "left": "0",
                                    "isLinked": false
                                },
                                "st_title_alignment_responsive_tablet": "center",
                                "st_title_alignment_responsive_mobile": "center",
                                "st_title_normal_color_responsive": "#FFFFFF"
                            },
                            "elements": [],
                            "isInner": false,
                            "widgetType": "jkit_post_title",
                            "elType": "widget"
                        },
                        {
                            "id": "2f408ae9",
                            "settings": {
                                "selected_icon": {
                                    "value": "jki jki-user-light",
                                    "library": "jkiticon"
                                },
                                "align": "left",
                                "size": {
                                    "unit": "px",
                                    "size": 18,
                                    "sizes": []
                                },
                                "_element_width": "auto",
                                "__globals__": {
                                    "primary_color": "globals\/colors?id=accent"
                                },
                                "_element_vertical_align": "center"
                            },
                            "elements": [],
                            "isInner": false,
                            "widgetType": "icon",
                            "elType": "widget"
                        },
                        {
                            "id": "266dabd0",
                            "settings": {
                                "_margin": {
                                    "unit": "px",
                                    "top": "10",
                                    "right": "0",
                                    "bottom": "0",
                                    "left": "10",
                                    "isLinked": false
                                },
                                "_element_width": "auto",
                                "__globals__": {
                                    "st_author_typography_content_typography_typography": "globals\/typography?id=e74514d",
                                    "st_author_normal_color_responsive": "globals\/colors?id=primary"
                                }
                            },
                            "elements": [],
                            "isInner": false,
                            "widgetType": "jkit_post_author",
                            "elType": "widget"
                        },
                        {
                            "id": "7b32be26",
                            "settings": {
                                "selected_icon": {
                                    "value": "jki jki-calendar-1-light",
                                    "library": "jkiticon"
                                },
                                "align": "left",
                                "size": {
                                    "unit": "px",
                                    "size": 18,
                                    "sizes": []
                                },
                                "_margin": {
                                    "unit": "px",
                                    "top": "0",
                                    "right": "0",
                                    "bottom": "0",
                                    "left": "25",
                                    "isLinked": false
                                },
                                "_element_width": "auto",
                                "__globals__": {
                                    "primary_color": "globals\/colors?id=accent"
                                },
                                "_element_vertical_align": "center"
                            },
                            "elements": [],
                            "isInner": false,
                            "widgetType": "icon",
                            "elType": "widget"
                        },
                        {
                            "id": "c252a90",
                            "settings": {
                                "sg_date_format_custom": "F j, Y",
                                "st_date_alignment_responsive": "center",
                                "_margin": {
                                    "unit": "px",
                                    "top": "10",
                                    "right": "0",
                                    "bottom": "0",
                                    "left": "10",
                                    "isLinked": false
                                },
                                "_element_width": "auto",
                                "__globals__": {
                                    "st_date_typography_content_typography_typography": "globals\/typography?id=e74514d",
                                    "st_date_normal_color_responsive": "globals\/colors?id=primary"
                                }
                            },
                            "elements": [],
                            "isInner": false,
                            "widgetType": "jkit_post_date",
                            "elType": "widget"
                        }
                    ],
                    "isInner": false,
                    "elType": "column"
                }
            ],
            "isInner": false,
            "elType": "section"
        },
        {
            "id": "a0c8572",
            "settings": {
                "background_background": "classic",
                "padding": {
                    "unit": "px",
                    "top": "100",
                    "right": "0",
                    "bottom": "120",
                    "left": "0",
                    "isLinked": false
                },
                "__globals__": {
                    "background_color": ""
                },
                "structure": "20",
                "padding_tablet": {
                    "unit": "px",
                    "top": "80",
                    "right": "10",
                    "bottom": "100",
                    "left": "10",
                    "isLinked": false
                },
                "padding_mobile": {
                    "unit": "px",
                    "top": "50",
                    "right": "10",
                    "bottom": "50",
                    "left": "10",
                    "isLinked": false
                },
                "content_width": {
                    "unit": "px",
                    "size": 800,
                    "sizes": []
                },
                "jet_sticky_section_sticky": "",
                "jet_sticky_section_sticky_visibility": [
                    "desktop",
                    "tablet",
                    "mobile"
                ],
                "jet_sticky_section_sticky_z_index": "",
                "jet_sticky_section_sticky_max_width": {
                    "unit": "px",
                    "size": "",
                    "sizes": []
                },
                "jet_sticky_section_sticky_margin": {
                    "unit": "px",
                    "top": "",
                    "right": "",
                    "bottom": "",
                    "left": "",
                    "isLinked": true
                },
                "jet_sticky_section_sticky_margin_tablet": {
                    "unit": "px",
                    "top": "",
                    "right": "",
                    "bottom": "",
                    "left": "",
                    "isLinked": true
                },
                "jet_sticky_section_sticky_margin_mobile": {
                    "unit": "px",
                    "top": "",
                    "right": "",
                    "bottom": "",
                    "left": "",
                    "isLinked": true
                },
                "jet_sticky_section_sticky_padding": {
                    "unit": "px",
                    "top": "",
                    "right": "",
                    "bottom": "",
                    "left": "",
                    "isLinked": true
                },
                "jet_sticky_section_sticky_padding_tablet": {
                    "unit": "px",
                    "top": "",
                    "right": "",
                    "bottom": "",
                    "left": "",
                    "isLinked": true
                },
                "jet_sticky_section_sticky_padding_mobile": {
                    "unit": "px",
                    "top": "",
                    "right": "",
                    "bottom": "",
                    "left": "",
                    "isLinked": true
                },
                "jet_sticky_section_sticky_background_background": "",
                "jet_sticky_section_sticky_background_color": "",
                "jet_sticky_section_sticky_background_color_stop": {
                    "unit": "%",
                    "size": 0,
                    "sizes": []
                },
                "jet_sticky_section_sticky_background_color_b": "#f2295b",
                "jet_sticky_section_sticky_background_color_b_stop": {
                    "unit": "%",
                    "size": 100,
                    "sizes": []
                },
                "jet_sticky_section_sticky_background_gradient_type": "linear",
                "jet_sticky_section_sticky_background_gradient_angle": {
                    "unit": "deg",
                    "size": 180,
                    "sizes": []
                },
                "jet_sticky_section_sticky_background_gradient_position": "center center",
                "jet_sticky_section_sticky_background_image": {
                    "url": "",
                    "id": ""
                },
                "jet_sticky_section_sticky_background_image_tablet": {
                    "url": "",
                    "id": ""
                },
                "jet_sticky_section_sticky_background_image_mobile": {
                    "url": "",
                    "id": ""
                },
                "jet_sticky_section_sticky_background_position": "",
                "jet_sticky_section_sticky_background_position_tablet": "",
                "jet_sticky_section_sticky_background_position_mobile": "",
                "jet_sticky_section_sticky_background_xpos": {
                    "unit": "px",
                    "size": 0,
                    "sizes": []
                },
                "jet_sticky_section_sticky_background_xpos_tablet": {
                    "unit": "px",
                    "size": 0,
                    "sizes": []
                },
                "jet_sticky_section_sticky_background_xpos_mobile": {
                    "unit": "px",
                    "size": 0,
                    "sizes": []
                },
                "jet_sticky_section_sticky_background_ypos": {
                    "unit": "px",
                    "size": 0,
                    "sizes": []
                },
                "jet_sticky_section_sticky_background_ypos_tablet": {
                    "unit": "px",
                    "size": 0,
                    "sizes": []
                },
                "jet_sticky_section_sticky_background_ypos_mobile": {
                    "unit": "px",
                    "size": 0,
                    "sizes": []
                },
                "jet_sticky_section_sticky_background_attachment": "",
                "jet_sticky_section_sticky_background_repeat": "",
                "jet_sticky_section_sticky_background_repeat_tablet": "",
                "jet_sticky_section_sticky_background_repeat_mobile": "",
                "jet_sticky_section_sticky_background_size": "",
                "jet_sticky_section_sticky_background_size_tablet": "",
                "jet_sticky_section_sticky_background_size_mobile": "",
                "jet_sticky_section_sticky_background_bg_width": {
                    "unit": "%",
                    "size": 100,
                    "sizes": []
                },
                "jet_sticky_section_sticky_background_bg_width_tablet": {
                    "unit": "px",
                    "size": "",
                    "sizes": []
                },
                "jet_sticky_section_sticky_background_bg_width_mobile": {
                    "unit": "px",
                    "size": "",
                    "sizes": []
                },
                "jet_sticky_section_sticky_background_video_link": "",
                "jet_sticky_section_sticky_background_video_start": "",
                "jet_sticky_section_sticky_background_video_end": "",
                "jet_sticky_section_sticky_background_play_once": "",
                "jet_sticky_section_sticky_background_play_on_mobile": "",
                "jet_sticky_section_sticky_background_privacy_mode": "",
                "jet_sticky_section_sticky_background_video_fallback": {
                    "url": "",
                    "id": ""
                },
                "jet_sticky_section_sticky_background_slideshow_gallery": [],
                "jet_sticky_section_sticky_background_slideshow_loop": "yes",
                "jet_sticky_section_sticky_background_slideshow_slide_duration": 5000,
                "jet_sticky_section_sticky_background_slideshow_slide_transition": "fade",
                "jet_sticky_section_sticky_background_slideshow_transition_duration": 500,
                "jet_sticky_section_sticky_background_slideshow_background_size": "",
                "jet_sticky_section_sticky_background_slideshow_background_size_tablet": "",
                "jet_sticky_section_sticky_background_slideshow_background_size_mobile": "",
                "jet_sticky_section_sticky_background_slideshow_background_position": "",
                "jet_sticky_section_sticky_background_slideshow_background_position_tablet": "",
                "jet_sticky_section_sticky_background_slideshow_background_position_mobile": "",
                "jet_sticky_section_sticky_background_slideshow_ken_burns": "",
                "jet_sticky_section_sticky_background_slideshow_ken_burns_zoom_direction": "in",
                "jet_sticky_section_sticky_box_shadow_box_shadow_type": "",
                "jet_sticky_section_sticky_box_shadow_box_shadow": {
                    "horizontal": 0,
                    "vertical": 0,
                    "blur": 10,
                    "spread": 0,
                    "color": "rgba(0,0,0,0.5)"
                },
                "jet_sticky_section_sticky_box_shadow_box_shadow_position": " ",
                "jet_sticky_section_sticky_transition": {
                    "unit": "px",
                    "size": 0.1,
                    "sizes": []
                },
                "ekit_has_onepagescroll": "",
                "ekit_control_get_pro": "1",
                "reverse_order_mobile": "reverse-mobile"
            },
            "elements": [
                {
                    "id": "5bf4d8c0",
                    "settings": {
                        "_column_size": 50,
                        "background_background": "classic",
                        "box_shadow_box_shadow": {
                            "horizontal": 0,
                            "vertical": 5,
                            "blur": 25,
                            "spread": 0,
                            "color": "rgba(0, 0, 0, 0.1)"
                        },
                        "_inline_size": 10,
                        "_inline_size_tablet": 10,
                        "jet_sticky_column_sticky_enable": "",
                        "jet_sticky_column_sticky_enable_on": [
                            "desktop"
                        ],
                        "jet_sticky_column_sticky_top_spacing": 50,
                        "jet_sticky_column_sticky_bottom_spacing": 50,
                        "margin": {
                            "unit": "px",
                            "top": "20",
                            "right": "0",
                            "bottom": "0",
                            "left": "0",
                            "isLinked": false
                        },
                        "margin_mobile": {
                            "unit": "px",
                            "top": "60",
                            "right": "0",
                            "bottom": "0",
                            "left": "0",
                            "isLinked": false
                        },
                        "align": "center",
                        "jkit_sticky_section": "enabled",
                        "jkit_sticky_device": [
                            "desktop",
                            "tablet"
                        ]
                    },
                    "elements": [
                        {
                            "id": "77570aac",
                            "settings": {
                                "title": "Share",
                                "align": "center",
                                "_margin": {
                                    "unit": "px",
                                    "top": "0",
                                    "right": "0",
                                    "bottom": "15",
                                    "left": "0",
                                    "isLinked": false
                                },
                                "_element_width": "auto",
                                "__globals__": {
                                    "typography_typography": "globals\/typography?id=e74514d",
                                    "title_color": "globals\/colors?id=primary"
                                },
                                "_element_width_tablet": "inherit",
                                "header_size": "h6"
                            },
                            "elements": [],
                            "isInner": false,
                            "widgetType": "heading",
                            "elType": "widget"
                        },
                        {
                            "id": "1f7c5323",
                            "settings": {
                                "sg_social_list": [
                                    {
                                        "sg_social_icon": {
                                            "value": "jki jki-facebook-light",
                                            "library": "jkiticon"
                                        },
                                        "sg_social_label": "Facebook",
                                        "_id": "844dad6",
                                        "sg_social_normal_background_background_background": "classic",
                                        "sg_social_hover_background_background_background": "classic",
                                        "__globals__": {
                                            "sg_social_normal_background_background_color": "",
                                            "sg_social_hover_background_background_color": "globals\/colors?id=accent",
                                            "sg_social_normal_color": "globals\/colors?id=primary",
                                            "sg_social_hover_color": "globals\/colors?id=1bb4924",
                                            "sg_social_normal_border_border_color": "globals\/colors?id=accent",
                                            "sg_social_hover_border_border_color": "globals\/colors?id=accent"
                                        },
                                        "sg_social_normal_border_border_border": "solid",
                                        "sg_social_normal_border_border_width": {
                                            "unit": "px",
                                            "top": "1",
                                            "right": "1",
                                            "bottom": "1",
                                            "left": "1",
                                            "isLinked": true
                                        },
                                        "sg_social_normal_border_border_color": "#D7EF42",
                                        "sg_social_hover_border_border_border": "solid",
                                        "sg_social_hover_border_border_width": {
                                            "unit": "px",
                                            "top": "1",
                                            "right": "1",
                                            "bottom": "1",
                                            "left": "1",
                                            "isLinked": true
                                        },
                                        "sg_social_hover_border_border_color": "#D7EF42"
                                    },
                                    {
                                        "sg_social_icon": {
                                            "value": "fab fa-twitter",
                                            "library": "fa-brands"
                                        },
                                        "sg_social_brand": "twitter",
                                        "sg_social_label": "Twitter",
                                        "_id": "3afceda",
                                        "sg_social_normal_background_background_background": "classic",
                                        "__globals__": {
                                            "sg_social_normal_background_background_color": "",
                                            "sg_social_hover_background_background_color": "globals\/colors?id=accent",
                                            "sg_social_normal_color": "globals\/colors?id=primary",
                                            "sg_social_hover_color": "globals\/colors?id=1bb4924",
                                            "sg_social_normal_border_border_color": "globals\/colors?id=accent",
                                            "sg_social_hover_border_border_color": "globals\/colors?id=accent"
                                        },
                                        "sg_social_hover_background_background_background": "classic",
                                        "sg_social_normal_border_border_border": "solid",
                                        "sg_social_normal_border_border_width": {
                                            "unit": "px",
                                            "top": "1",
                                            "right": "1",
                                            "bottom": "1",
                                            "left": "1",
                                            "isLinked": true
                                        },
                                        "sg_social_hover_border_border_border": "solid",
                                        "sg_social_hover_border_border_width": {
                                            "unit": "px",
                                            "top": "1",
                                            "right": "1",
                                            "bottom": "1",
                                            "left": "1",
                                            "isLinked": true
                                        },
                                        "sg_social_hover_color": "#D7EF42",
                                        "sg_social_hover_background_background_color": "#D7EF42",
                                        "sg_social_hover_border_border_color": "#D7EF42"
                                    },
                                    {
                                        "sg_social_icon": {
                                            "value": "fab fa-linkedin-in",
                                            "library": "fa-brands"
                                        },
                                        "sg_social_brand": "linkedin",
                                        "sg_social_label": "LinkedIn",
                                        "_id": "b3346a1",
                                        "sg_social_normal_background_background_background": "classic",
                                        "sg_social_hover_background_background_background": "classic",
                                        "__globals__": {
                                            "sg_social_normal_background_background_color": "",
                                            "sg_social_hover_background_background_color": "globals\/colors?id=accent",
                                            "sg_social_normal_color": "globals\/colors?id=primary",
                                            "sg_social_hover_color": "globals\/colors?id=1bb4924",
                                            "sg_social_normal_border_border_color": "globals\/colors?id=accent",
                                            "sg_social_hover_border_border_color": "globals\/colors?id=accent"
                                        },
                                        "sg_social_normal_border_border_border": "solid",
                                        "sg_social_normal_border_border_width": {
                                            "unit": "px",
                                            "top": "1",
                                            "right": "1",
                                            "bottom": "1",
                                            "left": "1",
                                            "isLinked": true
                                        },
                                        "sg_social_hover_border_border_border": "solid",
                                        "sg_social_hover_border_border_width": {
                                            "unit": "px",
                                            "top": "1",
                                            "right": "1",
                                            "bottom": "1",
                                            "left": "1",
                                            "isLinked": true
                                        }
                                    },
                                    {
                                        "sg_social_icon": {
                                            "value": "fab fa-telegram-plane",
                                            "library": "fa-brands"
                                        },
                                        "sg_social_brand": "telegram",
                                        "sg_social_label": "Telegram",
                                        "sg_social_normal_background_background_background": "classic",
                                        "sg_social_hover_background_background_background": "classic",
                                        "__globals__": {
                                            "sg_social_normal_background_background_color": "",
                                            "sg_social_hover_background_background_color": "globals\/colors?id=accent",
                                            "sg_social_normal_color": "globals\/colors?id=primary",
                                            "sg_social_hover_color": "globals\/colors?id=1bb4924",
                                            "sg_social_normal_border_border_color": "globals\/colors?id=accent",
                                            "sg_social_hover_border_border_color": "globals\/colors?id=accent"
                                        },
                                        "_id": "68544eb",
                                        "sg_social_normal_border_border_border": "solid",
                                        "sg_social_normal_border_border_width": {
                                            "unit": "px",
                                            "top": "1",
                                            "right": "1",
                                            "bottom": "1",
                                            "left": "1",
                                            "isLinked": true
                                        },
                                        "sg_social_hover_border_border_border": "solid",
                                        "sg_social_hover_border_border_width": {
                                            "unit": "px",
                                            "top": "1",
                                            "right": "1",
                                            "bottom": "1",
                                            "left": "1",
                                            "isLinked": true
                                        }
                                    }
                                ],
                                "st_social_padding_responsive": {
                                    "unit": "px",
                                    "top": "7",
                                    "right": "0",
                                    "bottom": "0",
                                    "left": "0",
                                    "isLinked": false
                                },
                                "st_social_margin_responsive": {
                                    "unit": "px",
                                    "top": "0",
                                    "right": "0",
                                    "bottom": "20",
                                    "left": "0",
                                    "isLinked": false
                                },
                                "st_social_border_radius_responsive": {
                                    "unit": "px",
                                    "top": "50",
                                    "right": "50",
                                    "bottom": "50",
                                    "left": "50",
                                    "isLinked": true
                                },
                                "st_social_height_width": "yes",
                                "st_social_height_width_width_responsive": {
                                    "unit": "px",
                                    "size": 42,
                                    "sizes": []
                                },
                                "st_social_height_width_height_responsive": {
                                    "unit": "px",
                                    "size": 42,
                                    "sizes": []
                                },
                                "st_social_icon_size_responsive": {
                                    "unit": "px",
                                    "size": 16,
                                    "sizes": []
                                },
                                "_element_width": "auto",
                                "st_social_margin_responsive_mobile": {
                                    "unit": "px",
                                    "top": "0",
                                    "right": "5",
                                    "bottom": "0",
                                    "left": "5",
                                    "isLinked": false
                                },
                                "_margin": {
                                    "unit": "px",
                                    "top": "10",
                                    "right": "0",
                                    "bottom": "-12",
                                    "left": "0",
                                    "isLinked": false
                                },
                                "st_social_padding_responsive_tablet": {
                                    "unit": "px",
                                    "top": "8",
                                    "right": "0",
                                    "bottom": "0",
                                    "left": "0",
                                    "isLinked": false
                                },
                                "st_social_padding_responsive_mobile": {
                                    "unit": "px",
                                    "top": "8",
                                    "right": "0",
                                    "bottom": "0",
                                    "left": "0",
                                    "isLinked": false
                                },
                                "st_social_alignment_responsive_tablet": "center",
                                "st_social_display_responsive": "block",
                                "__globals__": {
                                    "st_social_normal_background_background_color": "",
                                    "st_social_normal_color_responsive": "globals\/colors?id=accent"
                                },
                                "st_social_display_responsive_mobile": "inline-block",
                                "_margin_mobile": {
                                    "unit": "px",
                                    "top": "0",
                                    "right": "0",
                                    "bottom": "0",
                                    "left": "0",
                                    "isLinked": false
                                },
                                "st_social_height_width_line_height_responsive": {
                                    "unit": "px",
                                    "size": 28,
                                    "sizes": []
                                },
                                "st_social_normal_background_background_background": "classic",
                                "st_social_normal_background_background_color": "#FFFFFF00"
                            },
                            "elements": [],
                            "isInner": false,
                            "widgetType": "jkit_social_share",
                            "elType": "widget"
                        }
                    ],
                    "isInner": false,
                    "elType": "column"
                },
                {
                    "id": "37a4ada7",
                    "settings": {
                        "_column_size": 50,
                        "_inline_size": 90,
                        "margin_tablet": {
                            "unit": "px",
                            "top": "20",
                            "right": "0",
                            "bottom": "0",
                            "left": "20",
                            "isLinked": false
                        },
                        "margin_mobile": {
                            "unit": "px",
                            "top": "0",
                            "right": "0",
                            "bottom": "0",
                            "left": "0",
                            "isLinked": false
                        },
                        "jet_sticky_column_sticky_enable": "false",
                        "jet_sticky_column_sticky_top_spacing": 50,
                        "jet_sticky_column_sticky_bottom_spacing": 50,
                        "jet_sticky_column_sticky_enable_on": [
                            "desktop",
                            "tablet"
                        ],
                        "margin": {
                            "unit": "px",
                            "top": "20",
                            "right": "0",
                            "bottom": "0",
                            "left": "20",
                            "isLinked": false
                        },
                        "align": "flex-start"
                    },
                    "elements": [
                        {
                            "id": "434de816",
                            "settings": {
                                "sg_image_size_imagesize_size": "full",
                                "st_image_border_radius_responsive": {
                                    "unit": "px",
                                    "top": "0",
                                    "right": "0",
                                    "bottom": "0",
                                    "left": "0",
                                    "isLinked": true
                                },
                                "st_image_size_responsive": {
                                    "unit": "%",
                                    "size": 100,
                                    "sizes": []
                                }
                            },
                            "elements": [],
                            "isInner": false,
                            "widgetType": "jkit_post_featured_image",
                            "elType": "widget"
                        },
                        {
                            "id": "d4b83ab",
                            "settings": {
                                "title": "Capturing Your Memories with Professionalism and Experience",
                                "__globals__": {
                                    "typography_typography": "globals\/typography?id=8873729",
                                    "title_color": "globals\/colors?id=primary"
                                },
                                "_margin": {
                                    "unit": "px",
                                    "top": "20",
                                    "right": "0",
                                    "bottom": "0",
                                    "left": "0",
                                    "isLinked": false
                                },
                                "_margin_mobile": {
                                    "unit": "px",
                                    "top": "0",
                                    "right": "0",
                                    "bottom": "0",
                                    "left": "0",
                                    "isLinked": false
                                },
                                "title_color": "#FFFFFF"
                            },
                            "elements": [],
                            "isInner": false,
                            "widgetType": "heading",
                            "elType": "widget"
                        },
                        {
                            "id": "6aec0674",
                            "settings": {
                                "editor": "<p>Lorem ipsum dolor sit amet, consectetur adipiscing elit, sed do eiusmod tempor incididunt ut labore et dolore magna aliqua. Ut enim ad minim veniam, quis nostrud exercitation ullamco laboris nisi ut aliquip ex ea commodo consequat. Duis aute irure dolor in reprehenderit in voluptate velit esse cillum dolore eu fugiat nulla pariatur. Excepteur sint occaecat cupidatat non proident, sunt in culpa qui officia deserunt mollit.<\/p><p>Duis aute irure dolor in reprehenderit in voluptate velit esse cillum dolore eu fugiat nulla pariatur. Excepteur sint occaecat cupidatat non proident, sunt in culpa qui officia deserunt mollit anim id est laborum. Ut enim ad minim veniam, quis nostrud exercitation ullamco laboris nisi ut aliquip ex ea commodo consequat.\u00a0<\/p>",
                                "__globals__": {
                                    "text_color": "globals\/colors?id=text",
                                    "typography_typography": "globals\/typography?id=text"
                                },
                                "_margin": {
                                    "unit": "px",
                                    "top": "0",
                                    "right": "0",
                                    "bottom": "0",
                                    "left": "0",
                                    "isLinked": false
                                }
                            },
                            "elements": [],
                            "isInner": false,
                            "widgetType": "text-editor",
                            "elType": "widget"
                        },
                        {
                            "id": "75bfd22a",
                            "settings": {
                                "editor": "Lorem ipsum dolor sit amet, consectetur adipiscing elit, sed do eiusmod tempor incididunt ut labore et dolore magna aliqua. Ut enim ad minim veniam, quis nostrud exercitation ullamco laboris nisi ut aliquip ex ea commodo consequat. ",
                                "__globals__": {
                                    "text_color": "globals\/colors?id=text",
                                    "typography_typography": "globals\/typography?id=text"
                                }
                            },
                            "elements": [],
                            "isInner": false,
                            "widgetType": "text-editor",
                            "elType": "widget"
                        },
                        {
                            "id": "12fabfb1",
                            "settings": {
                                "gap": "no",
                                "margin": {
                                    "unit": "px",
                                    "top": "20",
                                    "right": 0,
                                    "bottom": "50",
                                    "left": 0,
                                    "isLinked": false
                                },
                                "background_overlay_image": {
                                    "id": "",
                                    "url": ""
                                },
                                "background_background": "classic",
                                "background_overlay_background": "classic",
                                "background_overlay_position": "initial",
                                "background_overlay_xpos": {
                                    "unit": "vw",
                                    "size": 15,
                                    "sizes": []
                                },
                                "background_overlay_xpos_tablet": {
                                    "unit": "vw",
                                    "size": 0,
                                    "sizes": []
                                },
                                "background_overlay_xpos_mobile": {
                                    "unit": "vw",
                                    "size": 0,
                                    "sizes": []
                                },
                                "background_overlay_ypos": {
                                    "unit": "%",
                                    "size": 50,
                                    "sizes": []
                                },
                                "background_overlay_ypos_tablet": {
                                    "unit": "%",
                                    "size": 0,
                                    "sizes": []
                                },
                                "background_overlay_ypos_mobile": {
                                    "unit": "%",
                                    "size": 0,
                                    "sizes": []
                                },
                                "background_overlay_repeat": "no-repeat",
                                "background_overlay_size": "cover",
                                "border_radius": {
                                    "unit": "px",
                                    "top": "0",
                                    "right": "0",
                                    "bottom": "0",
                                    "left": "0",
                                    "isLinked": true
                                },
                                "padding": {
                                    "unit": "px",
                                    "top": "50",
                                    "right": "40",
                                    "bottom": "50",
                                    "left": "40",
                                    "isLinked": false
                                },
                                "__globals__": {
                                    "background_color": "globals\/colors?id=primary",
                                    "background_overlay_color": "globals\/colors?id=78ab344"
                                },
                                "padding_mobile": {
                                    "unit": "px",
                                    "top": "30",
                                    "right": "30",
                                    "bottom": "30",
                                    "left": "30",
                                    "isLinked": true
                                },
                                "background_image": {
                                    "url": "https:\/\/kit.baliniz.com\/dexxter\/wp-content\/uploads\/sites\/56\/2023\/04\/rear-view-of-videographer-with-assistant-and-model-working-in-photo-studio.jpg",
                                    "id": 558,
                                    "size": "",
                                    "alt": "Rear view of videographer with assistant and model working in photo studio",
                                    "source": "library"
                                },
                                "background_position": "center center",
                                "background_size": "cover",
                                "background_overlay_opacity": {
                                    "unit": "px",
                                    "size": 0.7,
                                    "sizes": []
                                }
                            },
                            "elements": [
                                {
                                    "id": "199e86dd",
                                    "settings": {
                                        "_column_size": 100,
                                        "_inline_size": null,
                                        "margin": {
                                            "unit": "px",
                                            "top": "0",
                                            "right": "0",
                                            "bottom": "0",
                                            "left": "0",
                                            "isLinked": true
                                        },
                                        "margin_mobile": {
                                            "unit": "px",
                                            "top": "15",
                                            "right": "0",
                                            "bottom": "0",
                                            "left": "0",
                                            "isLinked": false
                                        },
                                        "content_position": "center"
                                    },
                                    "elements": [
                                        {
                                            "id": "1e18f40c",
                                            "settings": {
                                                "editor": "\"We specialize in creating unique and memorable experiences through our photography expertise, whether it\u2019s for personal or commercial projects.\"",
                                                "align": "center",
                                                "text_color": "#FFFFFF",
                                                "__globals__": {
                                                    "typography_typography": "globals\/typography?id=94a699f",
                                                    "text_color": "globals\/colors?id=primary"
                                                }
                                            },
                                            "elements": [],
                                            "isInner": false,
                                            "widgetType": "text-editor",
                                            "elType": "widget"
                                        },
                                        {
                                            "id": "6501b0f7",
                                            "settings": {
                                                "sg_title_before": "Brayden Macias",
                                                "sg_title_focused": "",
                                                "sg_subtitle_enable": "",
                                                "sg_subtitle_heading": "",
                                                "sg_shadow_content": "news",
                                                "sg_separator_enable": "",
                                                "st_title_inline_background": "yes",
                                                "st_title_color_responsive": "#908CE1",
                                                "st_title_margin_responsive": {
                                                    "unit": "px",
                                                    "top": "0",
                                                    "right": "0",
                                                    "bottom": "0",
                                                    "left": "0",
                                                    "isLinked": false
                                                },
                                                "st_focused_color_responsive": "#FFFFFF",
                                                "st_focused_text_decoration_color_responsive": "#FFFFFF",
                                                "st_subtitle_color_responsive": "#B3BDCF",
                                                "st_subtitle_margin_responsive": {
                                                    "unit": "px",
                                                    "top": "5",
                                                    "right": "0",
                                                    "bottom": "0",
                                                    "left": "0",
                                                    "isLinked": false
                                                },
                                                "__globals__": {
                                                    "st_title_typography_content_typography_typography": "globals\/typography?id=94a699f",
                                                    "st_title_color_responsive": "globals\/colors?id=accent",
                                                    "st_focused_text_decoration_color_responsive": "globals\/colors?id=secondary",
                                                    "st_focused_color_responsive": "globals\/colors?id=secondary",
                                                    "st_subtitle_color_responsive": "globals\/colors?id=e43d418",
                                                    "st_subtitle_typography_content_typography_typography": "globals\/typography?id=text"
                                                },
                                                "st_general_alignment_responsive": "center",
                                                "sg_title_text": "Trending Stories And Another Stories",
                                                "sg_title_html_tag": "h3"
                                            },
                                            "elements": [],
                                            "isInner": false,
                                            "widgetType": "jkit_heading",
                                            "elType": "widget"
                                        }
                                    ],
                                    "isInner": true,
                                    "elType": "column"
                                }
                            ],
                            "isInner": true,
                            "elType": "section"
                        },
                        {
                            "id": "710b392c",
                            "settings": {
                                "editor": "<p>Duis aute irure dolor in reprehenderit in voluptate velit esse cillum dolore eu fugiat nulla pariatur. Excepteur sint occaecat cupidatat non proident, sunt in culpa qui officia deserunt mollit anim id est laborum. Ut enim ad minim veniam, quis nostrud exercitation ullamco laboris nisi ut aliquip ex ea commodo consequat.\u00a0<\/p>",
                                "__globals__": {
                                    "text_color": "globals\/colors?id=text",
                                    "typography_typography": "globals\/typography?id=text"
                                },
                                "_margin": {
                                    "unit": "px",
                                    "top": "0",
                                    "right": "0",
                                    "bottom": "0",
                                    "left": "0",
                                    "isLinked": false
                                }
                            },
                            "elements": [],
                            "isInner": false,
                            "widgetType": "text-editor",
                            "elType": "widget"
                        },
                        {
                            "id": "5c06d39b",
                            "settings": {
                                "text": "Divider",
                                "gap": {
                                    "unit": "px",
                                    "size": 50,
                                    "sizes": []
                                },
                                "__globals__": {
                                    "color": "globals\/colors?id=b441830"
                                },
                                "gap_mobile": {
                                    "unit": "px",
                                    "size": 40,
                                    "sizes": []
                                }
                            },
                            "elements": [],
                            "isInner": false,
                            "widgetType": "divider",
                            "elType": "widget"
                        },
                        {
                            "id": "7b0e8b7",
                            "settings": {
                                "_margin": {
                                    "unit": "px",
                                    "top": "0",
                                    "right": "0",
                                    "bottom": "-15",
                                    "left": "0",
                                    "isLinked": false
                                },
                                "st_form_label_typography_content_typography_typography": "custom",
                                "st_form_label_typography_content_typography_font_family": "DM Sans",
                                "st_form_label_typography_content_typography_font_size": {
                                    "unit": "px",
                                    "size": 18,
                                    "sizes": []
                                },
                                "st_form_label_typography_content_typography_font_size_mobile": {
                                    "unit": "px",
                                    "size": 16,
                                    "sizes": []
                                },
                                "st_form_label_typography_content_typography_font_weight": "500",
                                "st_form_label_typography_content_typography_text_transform": "none",
                                "st_form_label_typography_content_typography_font_style": "normal",
                                "st_form_label_typography_content_typography_text_decoration": "none",
                                "st_form_label_typography_content_typography_line_height": {
                                    "unit": "em",
                                    "size": 3,
                                    "sizes": []
                                },
                                "st_form_label_typography_content_typography_letter_spacing": {
                                    "unit": "px",
                                    "size": -0.5,
                                    "sizes": []
                                },
                                "st_form_label_typography_content_typography_word_spacing": {
                                    "unit": "em",
                                    "size": "",
                                    "sizes": []
                                },
                                "st_form_field_normal_background_background_background": "classic",
                                "st_form_field_normal_background_background_color": "#FFFFFF08",
                                "st_form_field_normal_border_border_border": "solid",
                                "st_form_field_normal_border_border_width": {
                                    "unit": "px",
                                    "top": "1",
                                    "right": "1",
                                    "bottom": "1",
                                    "left": "1",
                                    "isLinked": true
                                },
                                "st_form_field_normal_border_border_color": "#FFFFFF1C",
                                "st_description_margin_responsive": {
                                    "unit": "px",
                                    "top": "0",
                                    "right": "0",
                                    "bottom": "30",
                                    "left": "0",
                                    "isLinked": false
                                },
                                "st_button_typography_content_typography_typography": "custom",
                                "st_button_typography_content_typography_font_family": "DM Sans",
                                "st_button_typography_content_typography_font_size": {
                                    "unit": "px",
                                    "size": 16,
                                    "sizes": []
                                },
                                "st_button_typography_content_typography_font_size_mobile": {
                                    "unit": "px",
                                    "size": 16,
                                    "sizes": []
                                },
                                "st_button_typography_content_typography_font_weight": "500",
                                "st_button_typography_content_typography_text_transform": "uppercase",
                                "st_button_typography_content_typography_font_style": "normal",
                                "st_button_typography_content_typography_text_decoration": "none",
                                "st_button_typography_content_typography_line_height": {
                                    "unit": "em",
                                    "size": 1,
                                    "sizes": []
                                },
                                "st_button_typography_content_typography_letter_spacing": {
                                    "unit": "px",
                                    "size": 2,
                                    "sizes": []
                                },
                                "st_button_typography_content_typography_word_spacing": {
                                    "unit": "em",
                                    "size": "",
                                    "sizes": []
                                },
                                "st_button_normal_text_color": "#FFFFFF",
                                "st_button_normal_background_background_background": "classic",
                                "st_button_normal_background_background_color": "#02010100",
                                "st_button_normal_border_border_border": "solid",
                                "st_button_normal_border_border_width": {
                                    "unit": "px",
                                    "top": "1",
                                    "right": "1",
                                    "bottom": "1",
                                    "left": "1",
                                    "isLinked": true
                                },
                                "st_button_normal_border_border_color": "#D7EF42",
                                "st_button_normal_radius_responsive": {
                                    "unit": "px",
                                    "top": "50",
                                    "right": "50",
                                    "bottom": "50",
                                    "left": "50",
                                    "isLinked": true
                                },
                                "st_button_hover_text_color": "#000000",
                                "st_button_hover_background_background_background": "classic",
                                "st_button_hover_background_background_color": "#D7EF42",
                                "__globals__": {
                                    "st_button_normal_border_border_color": "globals\/colors?id=accent",
                                    "st_button_typography_content_typography_typography": "globals\/typography?id=6eb8bef",
                                    "st_button_normal_text_color": "globals\/colors?id=primary",
                                    "st_button_hover_background_background_color": "globals\/colors?id=accent",
                                    "st_button_hover_text_color": "globals\/colors?id=1bb4924",
                                    "st_form_field_normal_border_border_color": "globals\/colors?id=b441830",
                                    "st_form_label_typography_content_typography_typography": "",
                                    "st_form_label_text_color": "globals\/colors?id=primary"
                                }
                            },
                            "elements": [],
                            "isInner": false,
                            "widgetType": "jkit_post_comment",
                            "elType": "widget"
                        }
                    ],
                    "isInner": false,
                    "elType": "column"
                }
            ],
            "isInner": false,
            "elType": "section"
        }
    ]
}