{
    "version": "0.4",
    "title": "Single Portfolio",
    "type": "page",
    "metadata": {
        "template_type": "single-page",
        "include_in_zip": "1",
        "elementor_pro_required": null,
        "wp_page_template": "elementor_header_footer"
    },
    "content": [
        {
            "id": "5a5966e7",
            "settings": {
                "content_width": {
                    "unit": "px",
                    "size": 1290,
                    "sizes": []
                },
                "background_background": "classic",
                "background_video_start": 14,
                "background_video_end": 60,
                "background_overlay_background": "classic",
                "background_overlay_opacity": {
                    "unit": "px",
                    "size": 0.2,
                    "sizes": []
                },
                "padding": {
                    "unit": "px",
                    "top": "200",
                    "right": "0",
                    "bottom": "60",
                    "left": "0",
                    "isLinked": false
                },
                "background_overlay_color_b": "#0000000D",
                "background_video_fallback": {
                    "url": "",
                    "id": "",
                    "size": "",
                    "alt": "",
                    "source": "library"
                },
                "background_image": {
                    "id": "",
                    "url": ""
                },
                "background_position": "bottom center",
                "background_repeat": "no-repeat",
                "background_size": "cover",
                "padding_tablet": {
                    "unit": "px",
                    "top": "220",
                    "right": "10",
                    "bottom": "00",
                    "left": "10",
                    "isLinked": false
                },
                "padding_mobile": {
                    "unit": "px",
                    "top": "160",
                    "right": "10",
                    "bottom": "40",
                    "left": "10",
                    "isLinked": false
                },
                "background_position_mobile": "center center",
                "background_overlay_image": {
                    "url": "https:\/\/kit.baliniz.com\/dexxter\/wp-content\/uploads\/sites\/56\/2023\/04\/noise.png",
                    "id": 343,
                    "size": "",
                    "alt": "",
                    "source": "library"
                },
                "background_overlay_position": "center center",
                "background_overlay_repeat": "repeat",
                "background_overlay_size": "initial",
                "background_overlay_bg_width": {
                    "unit": "%",
                    "size": 20,
                    "sizes": []
                },
                "__globals__": {
                    "background_color": "globals\/colors?id=78ab344"
                }
            },
            "elements": [
                {
                    "id": "12a2fd5f",
                    "settings": {
                        "_column_size": 100,
                        "_inline_size": null,
                        "_inline_size_tablet": 100,
                        "margin_tablet": {
                            "unit": "px",
                            "top": "0",
                            "right": "0",
                            "bottom": "0",
                            "left": "0",
                            "isLinked": false
                        },
                        "align": "center"
                    },
                    "elements": [
                        {
                            "id": "27478e8c",
                            "settings": {
                                "sg_text_style": "none",
                                "sg_text_before": "",
                                "sg_text_animated": "Shark Race-R Helmet",
                                "sg_text_rotating_list": [
                                    {
                                        "sg_text_rotating_list_text": "rotating",
                                        "_id": "3520e14"
                                    }
                                ],
                                "sg_text_after": "",
                                "sg_text_html_tag": "h1",
                                "sg_text_normal_color_style": "gradient",
                                "st_text_animated_normal_gradient_background_background": "gradient",
                                "st_text_animated_normal_gradient_background_color": "#FFFFFF",
                                "st_text_animated_normal_gradient_background_color_stop": {
                                    "unit": "%",
                                    "size": 40,
                                    "sizes": []
                                },
                                "st_text_animated_normal_gradient_background_gradient_angle": {
                                    "unit": "deg",
                                    "size": 145,
                                    "sizes": []
                                },
                                "__globals__": {
                                    "st_text_animated_typography_content_typography_typography": "globals\/typography?id=7228de5",
                                    "st_text_normal_typography_content_typography_typography": "globals\/typography?id=7228de5",
                                    "st_text_animated_normal_gradient_background_color_b": "globals\/colors?id=ea75025"
                                },
                                "_background_background": "classic",
                                "st_text_normal_normal_gradient_background_color": "#FFFFFF",
                                "st_text_animated_normal_textshadow_text_shadow_text_shadow": {
                                    "horizontal": 0,
                                    "vertical": 0,
                                    "blur": 10,
                                    "color": ""
                                },
                                "st_text_animated_normal_gradient_background_color_b": "#7274812B",
                                "_margin": {
                                    "unit": "px",
                                    "top": "0",
                                    "right": "0",
                                    "bottom": "0",
                                    "left": "0",
                                    "isLinked": false
                                }
                            },
                            "elements": [],
                            "isInner": false,
                            "widgetType": "jkit_animated_text",
                            "elType": "widget"
                        },
                        {
                            "id": "6927d67f",
                            "settings": {
                                "editor": "Nam libero tempore, cum soluta nobis est eligendi optio cumque nihil impedi quo minus id quod maxime placeat facere possimus, omnis voluptas assumenda est, omnis dolor repellendus.",
                                "align": "center",
                                "_padding": {
                                    "unit": "%",
                                    "top": "0",
                                    "right": "0",
                                    "bottom": "0",
                                    "left": "0",
                                    "isLinked": false
                                },
                                "_padding_tablet": {
                                    "unit": "%",
                                    "top": "0",
                                    "right": "0",
                                    "bottom": "0",
                                    "left": "0",
                                    "isLinked": false
                                },
                                "_padding_mobile": {
                                    "unit": "px",
                                    "top": "0",
                                    "right": "0",
                                    "bottom": "0",
                                    "left": "0",
                                    "isLinked": false
                                },
                                "__globals__": {
                                    "typography_typography": "globals\/typography?id=text",
                                    "text_color": "globals\/colors?id=text"
                                },
                                "_margin": {
                                    "unit": "px",
                                    "top": "10",
                                    "right": "0",
                                    "bottom": "10",
                                    "left": "0",
                                    "isLinked": false
                                },
                                "_element_width": "initial",
                                "_element_custom_width": {
                                    "unit": "px",
                                    "size": 712,
                                    "sizes": []
                                },
                                "_margin_mobile": {
                                    "unit": "px",
                                    "top": "0",
                                    "right": "0",
                                    "bottom": "0",
                                    "left": "0",
                                    "isLinked": true
                                }
                            },
                            "elements": [],
                            "isInner": false,
                            "widgetType": "text-editor",
                            "elType": "widget"
                        },
                        {
                            "id": "115a944b",
                            "settings": {
                                "image": {
                                    "url": "https:\/\/kit.baliniz.com\/dexxter\/wp-content\/uploads\/sites\/56\/2023\/04\/elips.png",
                                    "id": 339,
                                    "size": "",
                                    "alt": "",
                                    "source": "library"
                                },
                                "_element_width": "initial",
                                "_element_custom_width": {
                                    "unit": "px",
                                    "size": 200,
                                    "sizes": []
                                },
                                "_position": "absolute",
                                "_offset_x": {
                                    "size": 310,
                                    "unit": "px"
                                },
                                "_offset_y": {
                                    "unit": "px",
                                    "size": 34,
                                    "sizes": []
                                },
                                "_offset_y_end": {
                                    "size": 15.985,
                                    "unit": "px"
                                },
                                "_element_custom_width_mobile": {
                                    "unit": "px",
                                    "size": 120,
                                    "sizes": []
                                },
                                "_offset_x_tablet": {
                                    "unit": "px",
                                    "size": 32,
                                    "sizes": []
                                },
                                "_offset_y_mobile": {
                                    "unit": "px",
                                    "size": 20,
                                    "sizes": []
                                }
                            },
                            "elements": [],
                            "isInner": false,
                            "widgetType": "image",
                            "elType": "widget"
                        }
                    ],
                    "isInner": false,
                    "elType": "column"
                }
            ],
            "isInner": false,
            "elType": "section"
        },
        {
            "id": "647085c1",
            "settings": {
                "padding_tablet": {
                    "unit": "px",
                    "top": "80",
                    "right": "20",
                    "bottom": "80",
                    "left": "20",
                    "isLinked": false
                },
                "padding_mobile": {
                    "unit": "px",
                    "top": "0",
                    "right": "20",
                    "bottom": "50",
                    "left": "20",
                    "isLinked": false
                },
                "__globals__": {
                    "background_color": "globals\/colors?id=78ab344",
                    "shape_divider_bottom_color": "",
                    "background_overlay_color": ""
                },
                "shape_divider_bottom_color": "#02022D",
                "shape_divider_bottom_flip": "yes",
                "shape_divider_bottom_height_tablet": {
                    "unit": "px",
                    "size": 70,
                    "sizes": []
                },
                "content_width": {
                    "unit": "px",
                    "size": 1290,
                    "sizes": []
                },
                "background_background": "classic",
                "background_image": {
                    "url": "",
                    "id": "",
                    "size": "",
                    "alt": "Selective focus of cameraman filming beautiful model in photo studio with spotlights",
                    "source": "library"
                },
                "background_position": "center center",
                "background_repeat": "no-repeat",
                "background_size": "cover",
                "background_overlay_background": "classic",
                "background_overlay_image": {
                    "url": "https:\/\/kit.baliniz.com\/dexxter\/wp-content\/uploads\/sites\/56\/2023\/04\/noise.png",
                    "id": 343,
                    "size": "",
                    "alt": "",
                    "source": "library"
                },
                "background_overlay_position": "center center",
                "background_overlay_repeat": "repeat",
                "background_overlay_size": "initial",
                "background_overlay_opacity": {
                    "unit": "px",
                    "size": 0.2,
                    "sizes": []
                },
                "css_filters_saturate": {
                    "unit": "px",
                    "size": 65,
                    "sizes": []
                },
                "background_slideshow_background_size": "cover",
                "background_slideshow_background_position": "center center",
                "background_slideshow_lazyload": "yes",
                "background_slideshow_ken_burns": "yes",
                "background_overlay_bg_width": {
                    "unit": "%",
                    "size": 20,
                    "sizes": []
                },
                "margin": {
                    "unit": "px",
                    "top": "0",
                    "right": 0,
                    "bottom": "0",
                    "left": 0,
                    "isLinked": false
                }
            },
            "elements": [
                {
                    "id": "53f26202",
                    "settings": {
                        "_column_size": 100,
                        "_inline_size": null,
                        "_inline_size_tablet": 100,
                        "margin_tablet": {
                            "unit": "px",
                            "top": "0",
                            "right": "0",
                            "bottom": "0",
                            "left": "0",
                            "isLinked": false
                        },
                        "background_background": "classic",
                        "background_image": {
                            "url": "https:\/\/kit.baliniz.com\/dexxter\/wp-content\/uploads\/sites\/56\/2023\/04\/model-in-the-helmet-minimal-art-fashion-.jpg",
                            "id": 159,
                            "size": "",
                            "alt": "Model in the helmet. Minimal art fashion.",
                            "source": "library"
                        },
                        "background_position": "center center",
                        "background_repeat": "no-repeat",
                        "background_size": "cover",
                        "margin": {
                            "unit": "px",
                            "top": "0",
                            "right": "0",
                            "bottom": "-180",
                            "left": "0",
                            "isLinked": false
                        }
                    },
                    "elements": [
                        {
                            "id": "2207c530",
                            "settings": {
                                "space": {
                                    "unit": "px",
                                    "size": 600,
                                    "sizes": []
                                },
                                "space_mobile": {
                                    "unit": "px",
                                    "size": 310,
                                    "sizes": []
                                }
                            },
                            "elements": [],
                            "isInner": false,
                            "widgetType": "spacer",
                            "elType": "widget"
                        }
                    ],
                    "isInner": false,
                    "elType": "column"
                }
            ],
            "isInner": false,
            "elType": "section"
        },
        {
            "id": "3726f0cc",
            "settings": {
                "content_width": {
                    "unit": "px",
                    "size": 1290,
                    "sizes": []
                },
                "structure": "20",
                "padding": {
                    "unit": "px",
                    "top": "300",
                    "right": "0",
                    "bottom": "100",
                    "left": "0",
                    "isLinked": false
                },
                "padding_tablet": {
                    "unit": "px",
                    "top": "60",
                    "right": "20",
                    "bottom": "100",
                    "left": "20",
                    "isLinked": false
                },
                "jet_sticky_section_sticky": "",
                "jet_sticky_section_sticky_visibility": [
                    "desktop",
                    "tablet",
                    "mobile"
                ],
                "jet_sticky_section_sticky_z_index": "",
                "jet_sticky_section_sticky_max_width": {
                    "unit": "px",
                    "size": "",
                    "sizes": []
                },
                "jet_sticky_section_sticky_margin": {
                    "unit": "px",
                    "top": "",
                    "right": "",
                    "bottom": "",
                    "left": "",
                    "isLinked": true
                },
                "jet_sticky_section_sticky_margin_tablet": {
                    "unit": "px",
                    "top": "",
                    "right": "",
                    "bottom": "",
                    "left": "",
                    "isLinked": true
                },
                "jet_sticky_section_sticky_margin_mobile": {
                    "unit": "px",
                    "top": "",
                    "right": "",
                    "bottom": "",
                    "left": "",
                    "isLinked": true
                },
                "jet_sticky_section_sticky_padding": {
                    "unit": "px",
                    "top": "",
                    "right": "",
                    "bottom": "",
                    "left": "",
                    "isLinked": true
                },
                "jet_sticky_section_sticky_padding_tablet": {
                    "unit": "px",
                    "top": "",
                    "right": "",
                    "bottom": "",
                    "left": "",
                    "isLinked": true
                },
                "jet_sticky_section_sticky_padding_mobile": {
                    "unit": "px",
                    "top": "",
                    "right": "",
                    "bottom": "",
                    "left": "",
                    "isLinked": true
                },
                "jet_sticky_section_sticky_background_background": "",
                "jet_sticky_section_sticky_background_color": "",
                "jet_sticky_section_sticky_background_color_stop": {
                    "unit": "%",
                    "size": 0,
                    "sizes": []
                },
                "jet_sticky_section_sticky_background_color_b": "#f2295b",
                "jet_sticky_section_sticky_background_color_b_stop": {
                    "unit": "%",
                    "size": 100,
                    "sizes": []
                },
                "jet_sticky_section_sticky_background_gradient_type": "linear",
                "jet_sticky_section_sticky_background_gradient_angle": {
                    "unit": "deg",
                    "size": 180,
                    "sizes": []
                },
                "jet_sticky_section_sticky_background_gradient_position": "center center",
                "jet_sticky_section_sticky_background_image": {
                    "url": "",
                    "id": ""
                },
                "jet_sticky_section_sticky_background_image_tablet": {
                    "url": "",
                    "id": ""
                },
                "jet_sticky_section_sticky_background_image_mobile": {
                    "url": "",
                    "id": ""
                },
                "jet_sticky_section_sticky_background_position": "",
                "jet_sticky_section_sticky_background_position_tablet": "",
                "jet_sticky_section_sticky_background_position_mobile": "",
                "jet_sticky_section_sticky_background_xpos": {
                    "unit": "px",
                    "size": 0,
                    "sizes": []
                },
                "jet_sticky_section_sticky_background_xpos_tablet": {
                    "unit": "px",
                    "size": 0,
                    "sizes": []
                },
                "jet_sticky_section_sticky_background_xpos_mobile": {
                    "unit": "px",
                    "size": 0,
                    "sizes": []
                },
                "jet_sticky_section_sticky_background_ypos": {
                    "unit": "px",
                    "size": 0,
                    "sizes": []
                },
                "jet_sticky_section_sticky_background_ypos_tablet": {
                    "unit": "px",
                    "size": 0,
                    "sizes": []
                },
                "jet_sticky_section_sticky_background_ypos_mobile": {
                    "unit": "px",
                    "size": 0,
                    "sizes": []
                },
                "jet_sticky_section_sticky_background_attachment": "",
                "jet_sticky_section_sticky_background_repeat": "",
                "jet_sticky_section_sticky_background_repeat_tablet": "",
                "jet_sticky_section_sticky_background_repeat_mobile": "",
                "jet_sticky_section_sticky_background_size": "",
                "jet_sticky_section_sticky_background_size_tablet": "",
                "jet_sticky_section_sticky_background_size_mobile": "",
                "jet_sticky_section_sticky_background_bg_width": {
                    "unit": "%",
                    "size": 100,
                    "sizes": []
                },
                "jet_sticky_section_sticky_background_bg_width_tablet": {
                    "unit": "px",
                    "size": "",
                    "sizes": []
                },
                "jet_sticky_section_sticky_background_bg_width_mobile": {
                    "unit": "px",
                    "size": "",
                    "sizes": []
                },
                "jet_sticky_section_sticky_background_video_link": "",
                "jet_sticky_section_sticky_background_video_start": "",
                "jet_sticky_section_sticky_background_video_end": "",
                "jet_sticky_section_sticky_background_play_once": "",
                "jet_sticky_section_sticky_background_play_on_mobile": "",
                "jet_sticky_section_sticky_background_privacy_mode": "",
                "jet_sticky_section_sticky_background_video_fallback": {
                    "url": "",
                    "id": ""
                },
                "jet_sticky_section_sticky_background_slideshow_gallery": [],
                "jet_sticky_section_sticky_background_slideshow_loop": "yes",
                "jet_sticky_section_sticky_background_slideshow_slide_duration": 5000,
                "jet_sticky_section_sticky_background_slideshow_slide_transition": "fade",
                "jet_sticky_section_sticky_background_slideshow_transition_duration": 500,
                "jet_sticky_section_sticky_background_slideshow_background_size": "",
                "jet_sticky_section_sticky_background_slideshow_background_size_tablet": "",
                "jet_sticky_section_sticky_background_slideshow_background_size_mobile": "",
                "jet_sticky_section_sticky_background_slideshow_background_position": "",
                "jet_sticky_section_sticky_background_slideshow_background_position_tablet": "",
                "jet_sticky_section_sticky_background_slideshow_background_position_mobile": "",
                "jet_sticky_section_sticky_background_slideshow_ken_burns": "",
                "jet_sticky_section_sticky_background_slideshow_ken_burns_zoom_direction": "in",
                "jet_sticky_section_sticky_box_shadow_box_shadow_type": "",
                "jet_sticky_section_sticky_box_shadow_box_shadow": {
                    "horizontal": 0,
                    "vertical": 0,
                    "blur": 10,
                    "spread": 0,
                    "color": "rgba(0,0,0,0.5)"
                },
                "jet_sticky_section_sticky_box_shadow_box_shadow_position": " ",
                "jet_sticky_section_sticky_transition": {
                    "unit": "px",
                    "size": 0.1,
                    "sizes": []
                },
                "ekit_has_onepagescroll": "",
                "ekit_control_get_pro": "1",
                "padding_mobile": {
                    "unit": "px",
                    "top": "20",
                    "right": "20",
                    "bottom": "60",
                    "left": "20",
                    "isLinked": false
                }
            },
            "elements": [
                {
                    "id": "726ac6fc",
                    "settings": {
                        "_column_size": 50,
                        "_inline_size": 65.297,
                        "padding_tablet": {
                            "unit": "px",
                            "top": "0",
                            "right": "20",
                            "bottom": "0",
                            "left": "0",
                            "isLinked": false
                        },
                        "jet_sticky_column_sticky_enable": "false",
                        "jet_sticky_column_sticky_top_spacing": 50,
                        "jet_sticky_column_sticky_bottom_spacing": 50,
                        "jet_sticky_column_sticky_enable_on": [
                            "desktop",
                            "tablet"
                        ],
                        "padding_mobile": {
                            "unit": "px",
                            "top": "0",
                            "right": "0",
                            "bottom": "0",
                            "left": "0",
                            "isLinked": false
                        },
                        "_inline_size_tablet": 70
                    },
                    "elements": [
                        {
                            "id": "70127dea",
                            "settings": {
                                "title": "We are here to capture your beautiful moments",
                                "_margin": {
                                    "unit": "px",
                                    "top": "0",
                                    "right": "0",
                                    "bottom": "10",
                                    "left": "0",
                                    "isLinked": false
                                },
                                "__globals__": {
                                    "title_color": "globals\/colors?id=primary",
                                    "typography_typography": "globals\/typography?id=9f9cc51"
                                },
                                "header_size": "h3"
                            },
                            "elements": [],
                            "isInner": false,
                            "widgetType": "heading",
                            "elType": "widget"
                        },
                        {
                            "id": "170528a2",
                            "settings": {
                                "editor": "Lorem ipsum dolor sit amet, consectetur adipiscing elit, sed do eiusmod tempor incididunt ut labore et dolore magna aliqua. Ut enim ad minim veniam, quis nostrud exercitation ullamco laboris nisi ut aliquip ex ea commodo consequat. Duis aute irure dolor in reprehenderit in voluptate velit esse cillum dolore eu fugiat nulla pariatur.",
                                "__globals__": {
                                    "typography_typography": "globals\/typography?id=text",
                                    "text_color": "globals\/colors?id=text"
                                },
                                "typography_line_height": {
                                    "unit": "em",
                                    "size": "",
                                    "sizes": []
                                },
                                "drop_cap_typography_line_height": {
                                    "unit": "em",
                                    "size": "",
                                    "sizes": []
                                }
                            },
                            "elements": [],
                            "isInner": false,
                            "widgetType": "text-editor",
                            "elType": "widget"
                        },
                        {
                            "id": "54b6c5af",
                            "settings": {
                                "editor": "Excepteur sint occaecat cupidatat non proident, sunt in culpa qui officia deserunt mollit anim id est laborum. sed do eiusmod tempor incididunt ut labore.",
                                "__globals__": {
                                    "typography_typography": "globals\/typography?id=text",
                                    "text_color": "globals\/colors?id=text"
                                },
                                "typography_line_height": {
                                    "unit": "em",
                                    "size": "",
                                    "sizes": []
                                },
                                "drop_cap_typography_line_height": {
                                    "unit": "em",
                                    "size": "",
                                    "sizes": []
                                }
                            },
                            "elements": [],
                            "isInner": false,
                            "widgetType": "text-editor",
                            "elType": "widget"
                        },
                        {
                            "id": "2d1ed3a2",
                            "settings": {
                                "title": "Challenges on this project",
                                "_margin": {
                                    "unit": "px",
                                    "top": "0",
                                    "right": "0",
                                    "bottom": "10",
                                    "left": "0",
                                    "isLinked": false
                                },
                                "__globals__": {
                                    "title_color": "globals\/colors?id=primary",
                                    "typography_typography": "globals\/typography?id=9f9cc51"
                                },
                                "header_size": "h3"
                            },
                            "elements": [],
                            "isInner": false,
                            "widgetType": "heading",
                            "elType": "widget"
                        },
                        {
                            "id": "1115da1a",
                            "settings": {
                                "editor": "Lorem ipsum dolor sit amet, consectetur adipiscing elit, sed do eiusmod tempor incididunt ut labore et dolore magna aliqua. Ut enim ad minim veniam, quis nostrud exercitation ullamco laboris nisi ut aliquip ex ea commodo consequat. Duis aute irure dolor in reprehenderit in voluptate velit esse cillum dolore.",
                                "__globals__": {
                                    "typography_typography": "globals\/typography?id=text",
                                    "text_color": "globals\/colors?id=text"
                                },
                                "typography_line_height": {
                                    "unit": "em",
                                    "size": "",
                                    "sizes": []
                                },
                                "drop_cap_typography_line_height": {
                                    "unit": "em",
                                    "size": "",
                                    "sizes": []
                                }
                            },
                            "elements": [],
                            "isInner": false,
                            "widgetType": "text-editor",
                            "elType": "widget"
                        },
                        {
                            "id": "9e8d4b2",
                            "settings": {
                                "editor": "Consectetur adipiscing elit, sed do eiusmod tempor incididunt ut labore et dolore magna aliqua. Ut enim ad minim veniam, quis nostrud exercitation ullamco laboris nisi ut aliquip ex ea commodo consequat. Duis aute irure dolor in reprehenderit in voluptate velit esse cillum dolore eu fugiat nulla pariatur. Excepteur sint occaecat cupidatat non proident, sunt in culpa qui officia deserunt mollit",
                                "__globals__": {
                                    "typography_typography": "globals\/typography?id=text",
                                    "text_color": "globals\/colors?id=text"
                                },
                                "typography_line_height": {
                                    "unit": "em",
                                    "size": "",
                                    "sizes": []
                                },
                                "drop_cap_typography_line_height": {
                                    "unit": "em",
                                    "size": "",
                                    "sizes": []
                                },
                                "_margin": {
                                    "unit": "px",
                                    "top": "10",
                                    "right": "0",
                                    "bottom": "0",
                                    "left": "0",
                                    "isLinked": false
                                }
                            },
                            "elements": [],
                            "isInner": false,
                            "widgetType": "text-editor",
                            "elType": "widget"
                        },
                        {
                            "id": "400de6c0",
                            "settings": {
                                "icon_list": [
                                    {
                                        "text": "Quisque aliquet nibh sit amet lectus auctor",
                                        "_id": "cfa5ced"
                                    },
                                    {
                                        "text": "Nulla at metus ultricies, placerat augue",
                                        "_id": "7ebb322"
                                    },
                                    {
                                        "text": " Duis aute irure dolor in reprehenderit in voluptate",
                                        "_id": "413562d"
                                    }
                                ],
                                "space_between": {
                                    "unit": "px",
                                    "size": 10,
                                    "sizes": []
                                },
                                "__globals__": {
                                    "icon_color": "globals\/colors?id=secondary",
                                    "text_color": "globals\/colors?id=text",
                                    "icon_typography_typography": "globals\/typography?id=text"
                                },
                                "text_indent": {
                                    "unit": "px",
                                    "size": 10,
                                    "sizes": []
                                }
                            },
                            "elements": [],
                            "isInner": false,
                            "widgetType": "icon-list",
                            "elType": "widget"
                        },
                        {
                            "id": "5b6d28f9",
                            "settings": {
                                "gap": "no",
                                "structure": "20",
                                "margin": {
                                    "unit": "px",
                                    "top": "10",
                                    "right": 0,
                                    "bottom": "40",
                                    "left": 0,
                                    "isLinked": false
                                }
                            },
                            "elements": [
                                {
                                    "id": "5ea4390a",
                                    "settings": {
                                        "_column_size": 50,
                                        "_inline_size": null,
                                        "margin": {
                                            "unit": "px",
                                            "top": "0",
                                            "right": "20",
                                            "bottom": "0",
                                            "left": "0",
                                            "isLinked": false
                                        },
                                        "margin_mobile": {
                                            "unit": "px",
                                            "top": "0",
                                            "right": "0",
                                            "bottom": "0",
                                            "left": "0",
                                            "isLinked": false
                                        }
                                    },
                                    "elements": [
                                        {
                                            "id": "4072f42b",
                                            "settings": {
                                                "image": {
                                                    "id": 160,
                                                    "url": "https:\/\/kit.baliniz.com\/dexxter\/wp-content\/uploads\/sites\/56\/2023\/04\/model-in-a-motorcycle-helmet-minimal-art-.jpg",
                                                    "alt": "Model in a motorcycle helmet. Minimal art.",
                                                    "source": "library",
                                                    "size": ""
                                                },
                                                "caption_typography_line_height": {
                                                    "unit": "em",
                                                    "size": "",
                                                    "sizes": []
                                                },
                                                "image_size": "custom",
                                                "image_custom_dimension": {
                                                    "width": "1000",
                                                    "height": "800"
                                                }
                                            },
                                            "elements": [],
                                            "isInner": false,
                                            "widgetType": "image",
                                            "elType": "widget"
                                        }
                                    ],
                                    "isInner": true,
                                    "elType": "column"
                                },
                                {
                                    "id": "24979d3e",
                                    "settings": {
                                        "_column_size": 50,
                                        "_inline_size": null,
                                        "margin": {
                                            "unit": "px",
                                            "top": "0",
                                            "right": "0",
                                            "bottom": "0",
                                            "left": "20",
                                            "isLinked": false
                                        },
                                        "margin_mobile": {
                                            "unit": "px",
                                            "top": "20",
                                            "right": "0",
                                            "bottom": "0",
                                            "left": "0",
                                            "isLinked": false
                                        }
                                    },
                                    "elements": [
                                        {
                                            "id": "6ee65f70",
                                            "settings": {
                                                "image": {
                                                    "id": 159,
                                                    "url": "https:\/\/kit.baliniz.com\/dexxter\/wp-content\/uploads\/sites\/56\/2023\/04\/model-in-the-helmet-minimal-art-fashion-.jpg",
                                                    "alt": "Model in the helmet. Minimal art fashion.",
                                                    "source": "library",
                                                    "size": ""
                                                },
                                                "caption_typography_line_height": {
                                                    "unit": "em",
                                                    "size": "",
                                                    "sizes": []
                                                },
                                                "image_size": "custom",
                                                "image_custom_dimension": {
                                                    "width": "1000",
                                                    "height": "800"
                                                }
                                            },
                                            "elements": [],
                                            "isInner": false,
                                            "widgetType": "image",
                                            "elType": "widget"
                                        }
                                    ],
                                    "isInner": true,
                                    "elType": "column"
                                }
                            ],
                            "isInner": true,
                            "elType": "section"
                        },
                        {
                            "id": "2aef4042",
                            "settings": {
                                "title": "What We do",
                                "__globals__": {
                                    "title_color": "globals\/colors?id=primary",
                                    "typography_typography": "globals\/typography?id=9f9cc51"
                                },
                                "align": "left",
                                "header_size": "h3"
                            },
                            "elements": [],
                            "isInner": false,
                            "widgetType": "heading",
                            "elType": "widget"
                        },
                        {
                            "id": "18e055e0",
                            "settings": {
                                "editor": "Lorem ipsum dolor sit amet, consectetur adipiscing elit, sed do eiusmod tempor incididunt ut labore et dolore magna aliqua. Ut enim ad minim veniam, quis nostrud exercitation ullamco laboris nisi ut aliquip ex ea commodo consequat. Duis aute irure dolor in reprehenderit in voluptate velit esse cillum dolore.",
                                "__globals__": {
                                    "typography_typography": "globals\/typography?id=text",
                                    "text_color": "globals\/colors?id=text"
                                },
                                "typography_line_height": {
                                    "unit": "em",
                                    "size": "",
                                    "sizes": []
                                },
                                "drop_cap_typography_line_height": {
                                    "unit": "em",
                                    "size": "",
                                    "sizes": []
                                }
                            },
                            "elements": [],
                            "isInner": false,
                            "widgetType": "text-editor",
                            "elType": "widget"
                        },
                        {
                            "id": "71a3cd22",
                            "settings": {
                                "icon_list": [
                                    {
                                        "text": " Duis aute irure dolor in reprehenderit in voluptate",
                                        "_id": "413562d"
                                    },
                                    {
                                        "text": "Quisque aliquet nibh sit amet lectus auctor",
                                        "_id": "cfa5ced"
                                    },
                                    {
                                        "text": "Nulla at metus ultricies, placerat augue",
                                        "_id": "7ebb322"
                                    }
                                ],
                                "space_between": {
                                    "unit": "px",
                                    "size": 10,
                                    "sizes": []
                                },
                                "__globals__": {
                                    "icon_color": "globals\/colors?id=secondary",
                                    "text_color": "globals\/colors?id=text",
                                    "icon_typography_typography": "globals\/typography?id=text"
                                },
                                "text_indent": {
                                    "unit": "px",
                                    "size": 10,
                                    "sizes": []
                                }
                            },
                            "elements": [],
                            "isInner": false,
                            "widgetType": "icon-list",
                            "elType": "widget"
                        }
                    ],
                    "isInner": false,
                    "elType": "column"
                },
                {
                    "id": "4ad93832",
                    "settings": {
                        "_column_size": 50,
                        "_inline_size": 34.703,
                        "padding": {
                            "unit": "px",
                            "top": "10",
                            "right": "10",
                            "bottom": "10",
                            "left": "80",
                            "isLinked": false
                        },
                        "padding_tablet": {
                            "unit": "px",
                            "top": "0",
                            "right": "0",
                            "bottom": "0",
                            "left": "20",
                            "isLinked": false
                        },
                        "padding_mobile": {
                            "unit": "px",
                            "top": "40",
                            "right": "0",
                            "bottom": "0",
                            "left": "0",
                            "isLinked": false
                        },
                        "jet_sticky_column_sticky_enable": "",
                        "jet_sticky_column_sticky_top_spacing": 50,
                        "jet_sticky_column_sticky_bottom_spacing": 50,
                        "jet_sticky_column_sticky_enable_on": [
                            "desktop",
                            "tablet"
                        ],
                        "jkit_sticky_section": "enabled",
                        "_inline_size_tablet": 30
                    },
                    "elements": [
                        {
                            "id": "40a125ba",
                            "settings": {
                                "sg_title_before": "Clients :",
                                "sg_title_focused": "",
                                "sg_title_text": "Trending Stories And Another Stories",
                                "sg_title_html_tag": "h4",
                                "sg_subtitle_enable": "yes",
                                "sg_subtitle_heading": "Shark Race Company",
                                "sg_shadow_content": "news",
                                "sg_separator_enable": "",
                                "st_title_margin_responsive": {
                                    "unit": "px",
                                    "top": "0",
                                    "right": "0",
                                    "bottom": "-5",
                                    "left": "0",
                                    "isLinked": false
                                },
                                "__globals__": {
                                    "st_title_typography_content_typography_typography": "globals\/typography?id=94a699f",
                                    "st_title_color_responsive": "globals\/colors?id=accent",
                                    "st_subtitle_color_responsive": "globals\/colors?id=primary",
                                    "st_subtitle_typography_content_typography_typography": "globals\/typography?id=e74514d"
                                }
                            },
                            "elements": [],
                            "isInner": false,
                            "widgetType": "jkit_heading",
                            "elType": "widget"
                        },
                        {
                            "id": "4c6a19d1",
                            "settings": {
                                "sg_title_before": "Date :",
                                "sg_title_focused": "",
                                "sg_title_text": "Trending Stories And Another Stories",
                                "sg_title_html_tag": "h4",
                                "sg_subtitle_enable": "yes",
                                "sg_subtitle_heading": "February 12, 2023",
                                "sg_shadow_content": "news",
                                "sg_separator_enable": "",
                                "st_title_margin_responsive": {
                                    "unit": "px",
                                    "top": "0",
                                    "right": "0",
                                    "bottom": "-5",
                                    "left": "0",
                                    "isLinked": false
                                },
                                "__globals__": {
                                    "st_title_typography_content_typography_typography": "globals\/typography?id=94a699f",
                                    "st_title_color_responsive": "globals\/colors?id=accent",
                                    "st_subtitle_color_responsive": "globals\/colors?id=primary",
                                    "st_subtitle_typography_content_typography_typography": "globals\/typography?id=e74514d"
                                }
                            },
                            "elements": [],
                            "isInner": false,
                            "widgetType": "jkit_heading",
                            "elType": "widget"
                        },
                        {
                            "id": "6db6aa77",
                            "settings": {
                                "sg_title_before": "Category :",
                                "sg_title_focused": "",
                                "sg_title_text": "Trending Stories And Another Stories",
                                "sg_title_html_tag": "h4",
                                "sg_subtitle_enable": "yes",
                                "sg_subtitle_heading": "Product Photography",
                                "sg_shadow_content": "news",
                                "sg_separator_enable": "",
                                "st_title_margin_responsive": {
                                    "unit": "px",
                                    "top": "0",
                                    "right": "0",
                                    "bottom": "-5",
                                    "left": "0",
                                    "isLinked": false
                                },
                                "__globals__": {
                                    "st_title_typography_content_typography_typography": "globals\/typography?id=94a699f",
                                    "st_title_color_responsive": "globals\/colors?id=accent",
                                    "st_subtitle_color_responsive": "globals\/colors?id=primary",
                                    "st_subtitle_typography_content_typography_typography": "globals\/typography?id=e74514d"
                                }
                            },
                            "elements": [],
                            "isInner": false,
                            "widgetType": "jkit_heading",
                            "elType": "widget"
                        },
                        {
                            "id": "4ebbed44",
                            "settings": {
                                "text": "Divider",
                                "gap": {
                                    "unit": "px",
                                    "size": 24,
                                    "sizes": []
                                },
                                "__globals__": {
                                    "color": "globals\/colors?id=b441830"
                                }
                            },
                            "elements": [],
                            "isInner": false,
                            "widgetType": "divider",
                            "elType": "widget"
                        },
                        {
                            "id": "7dcfd0a8",
                            "settings": {
                                "title": "Share this :",
                                "__globals__": {
                                    "title_color": "globals\/colors?id=primary",
                                    "typography_typography": ""
                                },
                                "_margin": {
                                    "unit": "px",
                                    "top": "20",
                                    "right": "0",
                                    "bottom": "0",
                                    "left": "0",
                                    "isLinked": false
                                },
                                "header_size": "h4",
                                "align_mobile": "center"
                            },
                            "elements": [],
                            "isInner": false,
                            "widgetType": "heading",
                            "elType": "widget"
                        },
                        {
                            "id": "3886c2f7",
                            "settings": {
                                "sg_social_list": [
                                    {
                                        "sg_social_icon": {
                                            "value": "fab fa-facebook-f",
                                            "library": "fa-brands"
                                        },
                                        "sg_social_label": "Facebook",
                                        "_id": "40561fc",
                                        "sg_social_normal_background_background_background": "classic",
                                        "sg_social_hover_background_background_background": "classic",
                                        "__globals__": {
                                            "sg_social_normal_background_background_color": "",
                                            "sg_social_normal_color": "globals\/colors?id=primary",
                                            "sg_social_hover_background_background_color": "globals\/colors?id=accent",
                                            "sg_social_hover_color": "globals\/colors?id=1bb4924",
                                            "sg_social_normal_border_border_color": "globals\/colors?id=accent"
                                        },
                                        "sg_social_normal_background_background_color": "#D7EF4200",
                                        "sg_social_normal_border_border_border": "solid",
                                        "sg_social_normal_border_border_width": {
                                            "unit": "px",
                                            "top": "1",
                                            "right": "1",
                                            "bottom": "1",
                                            "left": "1",
                                            "isLinked": true
                                        },
                                        "sg_social_hover_background_background_color": "#FFFFFF"
                                    },
                                    {
                                        "sg_social_icon": {
                                            "value": "fab fa-twitter",
                                            "library": "fa-brands"
                                        },
                                        "sg_social_brand": "twitter",
                                        "sg_social_label": "Twitter",
                                        "_id": "150a1f0",
                                        "sg_social_normal_background_background_background": "classic",
                                        "sg_social_hover_background_background_background": "classic",
                                        "__globals__": {
                                            "sg_social_normal_background_background_color": "",
                                            "sg_social_normal_color": "globals\/colors?id=primary",
                                            "sg_social_hover_background_background_color": "globals\/colors?id=accent",
                                            "sg_social_hover_color": "globals\/colors?id=1bb4924",
                                            "sg_social_normal_border_border_color": "globals\/colors?id=accent"
                                        },
                                        "sg_social_normal_background_background_color": "#D7EF4200",
                                        "sg_social_normal_border_border_border": "solid",
                                        "sg_social_normal_border_border_width": {
                                            "unit": "px",
                                            "top": "1",
                                            "right": "1",
                                            "bottom": "1",
                                            "left": "1",
                                            "isLinked": true
                                        },
                                        "sg_social_normal_border_border_color": "#D7EF42",
                                        "sg_social_hover_background_background_color": "#FFFFFF"
                                    },
                                    {
                                        "sg_social_icon": {
                                            "value": "jki jki-whatsapp-1-light",
                                            "library": "jkiticon"
                                        },
                                        "sg_social_brand": "whatsapp",
                                        "sg_social_label": "Whatsapp",
                                        "_id": "d68d710",
                                        "sg_social_normal_background_background_background": "classic",
                                        "sg_social_hover_background_background_background": "classic",
                                        "__globals__": {
                                            "sg_social_normal_background_background_color": "",
                                            "sg_social_normal_color": "globals\/colors?id=primary",
                                            "sg_social_hover_background_background_color": "globals\/colors?id=accent",
                                            "sg_social_hover_color": "globals\/colors?id=1bb4924",
                                            "sg_social_normal_border_border_color": "globals\/colors?id=accent"
                                        },
                                        "sg_social_normal_background_background_color": "#D7EF4200",
                                        "sg_social_normal_border_border_border": "solid",
                                        "sg_social_normal_border_border_width": {
                                            "unit": "px",
                                            "top": "1",
                                            "right": "1",
                                            "bottom": "1",
                                            "left": "1",
                                            "isLinked": true
                                        },
                                        "sg_social_normal_border_border_color": "#D7EF42",
                                        "sg_social_hover_background_background_color": "#FFFFFF"
                                    }
                                ],
                                "sg_social_alignment_responsive": "left",
                                "st_social_alignment_responsive": "center",
                                "st_social_margin_responsive": {
                                    "unit": "px",
                                    "top": "0",
                                    "right": "20",
                                    "bottom": "0",
                                    "left": "0",
                                    "isLinked": false
                                },
                                "st_social_height_width": "yes",
                                "st_social_height_width_width_responsive": {
                                    "unit": "px",
                                    "size": 40,
                                    "sizes": []
                                },
                                "st_social_height_width_height_responsive": {
                                    "unit": "px",
                                    "size": 40,
                                    "sizes": []
                                },
                                "st_social_height_width_line_height_responsive": {
                                    "unit": "px",
                                    "size": 38,
                                    "sizes": []
                                },
                                "_margin": {
                                    "unit": "px",
                                    "top": "0",
                                    "right": "0",
                                    "bottom": "0",
                                    "left": "0",
                                    "isLinked": false
                                },
                                "_margin_mobile": {
                                    "unit": "px",
                                    "top": "0",
                                    "right": "0",
                                    "bottom": "0",
                                    "left": "0",
                                    "isLinked": false
                                },
                                "sg_social_shape": "circle",
                                "sg_social_alignment_responsive_tablet": "left",
                                "st_social_alignment_responsive_tablet": "center",
                                "sg_social_alignment_responsive_mobile": "center"
                            },
                            "elements": [],
                            "isInner": false,
                            "widgetType": "jkit_social_share",
                            "elType": "widget"
                        }
                    ],
                    "isInner": false,
                    "elType": "column"
                }
            ],
            "isInner": false,
            "elType": "section"
        }
    ]
}